run_id,t,x_m,segment,v_mps,a_mps2,limit_mps,power_w,energy_kwh,regen_kwh,event
W6_vector_01,0.0,0.0,1,0.0,-0.0,25.0,0.0,0.0,-0.0,ACCEL
W6_vector_01,0.20032051282051283,0.012038492357001974,1,0.1201923076923077,0.6,25.0,13341.780581363615,0.0007423978688881998,-0.0,ACCEL
W6_vector_01,0.40064102564102566,0.0481539694280079,1,0.2403846153846154,0.6,25.0,26684.43418493258,0.0022272421856245656,-0.0,ACCEL
W6_vector_01,0.6009615384615385,0.10834643121301778,1,0.36057692307692313,0.6,25.0,40027.96706146254,0.004454581876989781,-0.0,ACCEL
W6_vector_01,0.8012820512820513,0.1926158777120316,1,0.4807692307692308,0.6,25.0,53372.38546170915,0.007424466217585242,-0.0,ACCEL
W6_vector_01,1.001602564102564,0.3009623089250493,1,0.6009615384615384,0.6,25.0,66717.69563642803,0.011136944829833063,-0.0,ACCEL
W6_vector_01,1.201923076923077,0.4333857248520711,1,0.7211538461538463,0.6000000000000001,25.0,80063.90383637491,0.015592067683976078,-0.0,ACCEL
W6_vector_01,1.4022435897435899,0.5898861254930967,1,0.8413461538461539,0.5999999999999996,25.0,93411.01631230526,0.02078988509807782,-0.0,ACCEL
W6_vector_01,1.6025641025641026,0.7704635108481264,1,0.9615384615384616,0.6000000000000002,25.0,106759.039314975,0.026730447738022568,-0.0,ACCEL
W6_vector_01,1.8028846153846154,0.9751178809171598,1,1.0817307692307692,0.5999999999999996,25.0,120107.97909513942,0.03341380661751528,-0.0,ACCEL
W6_vector_01,2.003205128205128,1.2038492357001973,1,1.2019230769230769,0.6000000000000002,25.0,133457.8419035546,0.040840013098081655,-0.0,ACCEL
W6_vector_01,2.203525641025641,1.4566575751972386,1,1.3221153846153846,0.6000000000000002,25.0,146808.63399097582,0.049009118889068115,-0.0,ACCEL
W6_vector_01,2.403846153846154,1.7335428994082844,1,1.4423076923076925,0.6,25.0,160160.36160815886,0.057921176047641784,-0.0,ACCEL
W6_vector_01,2.604166666666667,2.034505208333334,1,1.5625000000000002,0.6000000000000002,25.0,173513.03100585943,0.06757623697879048,-0.0,ACCEL
W6_vector_01,2.8044871794871797,2.359544501972387,1,1.6826923076923077,0.5999999999999991,25.0,186866.64843483275,0.07797435443532275,-0.0,ACCEL
W6_vector_01,3.0048076923076925,2.708660780325444,1,1.8028846153846154,0.6000000000000002,25.0,200221.22014583548,0.0891155815178679,-0.0,ACCEL
W6_vector_01,3.2051282051282053,3.0818540433925055,1,1.9230769230769231,0.6000000000000002,25.0,213576.7523896223,0.1009999716748759,-0.0,ACCEL
W6_vector_01,3.405448717948718,3.47912429117357,1,2.043269230769231,0.6000000000000002,25.0,226933.25141694915,0.11362757870261744,-0.0,ACCEL
W6_vector_01,3.605769230769231,3.900471523668639,1,2.1634615384615383,0.5999999999999991,25.0,240290.72347857128,0.12699845674518395,-0.0,ACCEL
W6_vector_01,3.8060897435897436,4.345895740877712,1,2.2836538461538463,0.6000000000000013,25.0,253649.17482524607,0.14111266029448763,-0.0,ACCEL
W6_vector_01,4.006410256410256,4.815396942800789,1,2.4038461538461537,0.5999999999999991,25.0,267008.611707726,0.1559702441902612,-0.0,ACCEL
W6_vector_01,4.206730769230769,5.3089751294378695,1,2.5240384615384612,0.5999999999999991,25.0,280369.04037676955,0.17157126362005828,-0.0,ACCEL
W6_vector_01,4.407051282051282,5.826630300788954,1,2.644230769230769,0.6000000000000013,25.0,293730.4670831324,0.18791577411925323,-0.0,ACCEL
W6_vector_01,4.607371794871795,6.368362456854043,1,2.7644230769230766,0.5999999999999991,25.0,307092.8980775671,0.20500383157104093,-0.0,ACCEL
W6_vector_01,4.807692307692308,6.934171597633138,1,2.884615384615385,0.6000000000000009,25.0,320456.33961083344,0.22283549220643728,-0.0,ACCEL
W6_vector_01,5.008012820512821,7.524057723126234,1,3.0048076923076925,0.5999999999999991,25.0,333820.7979336831,0.24141081260427844,-0.0,ACCEL
W6_vector_01,5.208333333333334,8.138020833333336,1,3.1250000000000004,0.6000000000000013,25.0,347186.27929687576,0.26072984969122176,-0.0,ACCEL
W6_vector_01,5.408653846153847,8.77606092825444,1,3.245192307692308,0.5999999999999991,25.0,360552.7899511625,0.2807926607417449,-0.0,ACCEL
W6_vector_01,5.6089743589743595,9.438178007889547,1,3.3653846153846154,0.5999999999999991,25.0,373920.33614730265,0.30159930337814667,-0.0,ACCEL
W6_vector_01,5.809294871794872,10.12437207223866,1,3.4855769230769234,0.6000000000000013,25.0,387288.92413605197,0.3231498355705462,-0.0,ACCEL
W6_vector_01,6.009615384615385,10.834643121301776,1,3.605769230769231,0.5999999999999991,25.0,400658.560168162,0.3454443156368836,-0.0,ACCEL
W6_vector_01,6.209935897435898,11.568991155078896,1,3.7259615384615383,0.5999999999999991,25.0,414029.2504943925,0.3684828022429195,-0.0,ACCEL
W6_vector_01,6.410256410256411,12.327416173570022,1,3.8461538461538463,0.6000000000000013,25.0,427401.00136549934,0.3922653544022355,-0.0,ACCEL
W6_vector_01,6.610576923076923,13.109918176775148,1,3.9663461538461537,0.5999999999999991,25.0,440773.8190322335,0.4167920314762335,-0.0,ACCEL
W6_vector_01,6.810897435897436,13.91649716469428,1,4.086538461538462,0.6000000000000013,25.0,454147.7097453569,0.44206289317413666,-0.0,ACCEL
W6_vector_01,7.011217948717949,14.747153137327416,1,4.206730769230769,0.5999999999999991,25.0,467522.6797556187,0.46807799955298834,-0.0,ACCEL
W6_vector_01,7.211538461538462,15.601886094674557,1,4.326923076923077,0.5999999999999991,25.0,480898.73531377944,0.4948374110176529,-0.0,ACCEL
W6_vector_01,7.4118589743589745,16.4806960367357,1,4.447115384615384,0.5999999999999991,25.0,494275.8826705932,0.5223411883208153,-0.0,ACCEL
W6_vector_01,7.612179487179487,17.383582963510847,1,4.5673076923076925,0.6000000000000035,25.0,507654.12807681935,0.5505893925629817,-0.0,ACCEL
W6_vector_01,7.8125,18.310546875,1,4.6875,0.5999999999999991,25.0,521033.47778320237,0.5795820851924778,-0.0,ACCEL
W6_vector_01,8.012820512820513,19.261587771203157,1,4.8076923076923075,0.5999999999999991,25.0,534413.938040509,0.6093193280054512,-0.0,ACCEL
W6_vector_01,8.213141025641026,20.236705652120314,1,4.927884615384615,0.5999999999999991,25.0,547795.5150994912,0.6398011831458698,-0.0,ACCEL
W6_vector_01,8.413461538461538,21.235900517751478,1,5.0480769230769225,0.5999999999999991,25.0,561178.2152109046,0.6710277131055222,-0.0,ACCEL
W6_vector_01,8.613782051282051,22.259172368096646,1,5.168269230769231,0.6000000000000035,25.0,574562.0446255092,0.7029989807240179,-0.0,ACCEL
W6_vector_01,8.814102564102564,23.306521203155818,1,5.288461538461538,0.5999999999999991,25.0,587947.0095940479,0.7357150491887864,-0.0,ACCEL
W6_vector_01,9.014423076923077,24.377947022928993,1,5.408653846153846,0.5999999999999991,25.0,601333.1163672889,0.7691759820350788,-0.0,ACCEL
W6_vector_01,9.21474358974359,25.47344982741617,1,5.528846153846153,0.5999999999999991,25.0,614720.3711959836,0.8033818431459664,-0.0,ACCEL
W6_vector_01,9.415064102564102,26.593029616617354,1,5.649038461538461,0.5999999999999991,25.0,628108.7803308879,0.8383326967523413,-0.0,ACCEL
W6_vector_01,9.615384615384617,27.73668639053255,1,5.76923076923077,0.6000000000000026,25.0,641498.3500227612,0.8740286074329174,-0.0,ACCEL
W6_vector_01,9.81570512820513,28.90442014916174,1,5.8894230769230775,0.5999999999999991,25.0,654889.0865223476,0.9104696401142268,-0.0,ACCEL
W6_vector_01,10.016025641025642,30.096230892504938,1,6.009615384615385,0.5999999999999991,25.0,668280.9960804142,0.9476558600706245,-0.0,ACCEL
W6_vector_01,10.216346153846155,31.312118620562135,1,6.1298076923076925,0.5999999999999991,25.0,681674.0849477127,0.9855873329242855,-0.0,ACCEL
W6_vector_01,10.416666666666668,32.55208333333334,1,6.250000000000001,0.6000000000000035,25.0,695068.3593750041,1.0242641246452058,-0.0,ACCEL
W6_vector_01,10.61698717948718,33.81612503081855,1,6.370192307692308,0.5999999999999991,25.0,708463.8256130287,1.0636863015512015,-0.0,ACCEL
W6_vector_01,10.817307692307693,35.10424371301776,1,6.490384615384616,0.5999999999999991,25.0,721860.4899125573,1.1038539303079098,-0.0,ACCEL
W6_vector_01,11.017628205128206,36.41643937993097,1,6.610576923076923,0.5999999999999991,25.0,735258.3585243406,1.1447670779287888,-0.0,ACCEL
W6_vector_01,11.217948717948719,37.75271203155819,1,6.730769230769231,0.5999999999999991,25.0,748657.4376991341,1.1864258117751172,-0.0,ACCEL
W6_vector_01,11.418269230769232,39.113061667899416,1,6.850961538461539,0.6000000000000035,25.0,762057.7336876992,1.2288301995559943,-0.0,ACCEL
W6_vector_01,11.618589743589745,40.49748828895464,1,6.971153846153847,0.5999999999999991,25.0,775459.2527407748,1.2719803093283395,-0.0,ACCEL
W6_vector_01,11.818910256410257,41.905991894723876,1,7.091346153846154,0.5999999999999991,25.0,788862.001109133,1.3158762094968945,-0.0,ACCEL
W6_vector_01,12.01923076923077,43.3385724852071,1,7.211538461538462,0.5999999999999991,25.0,802265.9850435241,1.3605179688142204,-0.0,ACCEL
W6_vector_01,12.219551282051283,44.79523006040434,1,7.331730769230769,0.5999999999999991,25.0,815671.2107947038,1.405905656380699,-0.0,ACCEL
W6_vector_01,12.419871794871796,46.275964620315584,1,7.451923076923077,0.5999999999999991,25.0,829077.6846134276,1.452039341644534,-0.0,ACCEL
W6_vector_01,12.620192307692308,47.78077616494083,1,7.572115384615385,0.6000000000000035,25.0,842485.4127504574,1.4989190944017488,-0.0,ACCEL
W6_vector_01,12.820512820512821,49.30966469428009,1,7.6923076923076925,0.5999999999999991,25.0,855894.4014565304,1.5465449847961872,-0.0,ACCEL
W6_vector_01,13.020833333333334,50.862630208333336,1,7.8125,0.5999999999999991,25.0,869304.6569824206,1.5949170833195145,-0.0,ACCEL
W6_vector_01,13.221153846153847,52.43967270710059,1,7.9326923076923075,0.5999999999999991,25.0,882716.1855788776,1.6440354608112167,-0.0,ACCEL
W6_vector_01,13.42147435897436,54.040792190581854,1,8.052884615384615,0.5999999999999991,25.0,896128.9934966569,1.6939001884586002,-0.0,ACCEL
W6_vector_01,13.621794871794872,55.66598865877712,1,8.173076923076923,0.6000000000000035,25.0,909543.0869865209,1.7445113377967925,-0.0,ACCEL
W6_vector_01,13.822115384615385,57.315262111686394,1,8.29326923076923,0.5999999999999946,25.0,922958.4722991987,1.7958689807087402,-0.0,ACCEL
W6_vector_01,14.022435897435898,58.988612549309664,1,8.413461538461538,0.6000000000000035,25.0,936375.1556854927,1.8479731894252138,-0.0,ACCEL
W6_vector_01,14.22275641025641,60.68603997164695,1,8.533653846153847,0.6000000000000035,25.0,949793.1433961183,1.9008240365248021,-0.0,ACCEL
W6_vector_01,14.423076923076923,62.407544378698226,1,8.653846153846153,0.5999999999999946,25.0,963212.4416818304,1.954421594933914,-0.0,ACCEL
W6_vector_01,14.623397435897436,64.1531257704635,1,8.774038461538462,0.6000000000000035,25.0,976633.0567934269,2.008765937926782,-0.0,ACCEL
W6_vector_01,14.823717948717949,65.9227841469428,1,8.894230769230768,0.5999999999999946,25.0,990054.994981607,2.0638571391254557,-0.0,ACCEL
W6_vector_01,15.024038461538462,67.71651950813609,1,9.014423076923077,0.6000000000000035,25.0,1003478.2624971833,2.119695272499809,-0.0,ACCEL
W6_vector_01,15.224358974358974,69.53433185404339,1,9.134615384615385,0.6000000000000035,25.0,1016902.8655908685,2.1762804123675346,-0.0,ACCEL
W6_vector_01,15.424679487179487,71.37622118466469,1,9.254807692307692,0.5999999999999946,25.0,1030328.8105134176,2.233612633394145,-0.0,ACCEL
W6_vector_01,15.625,73.2421875,1,9.375,0.6000000000000035,25.0,1043756.103515631,2.2916920105929757,-0.0,ACCEL
W6_vector_01,15.825320512820513,75.1322308000493,1,9.495192307692307,0.5999999999999946,25.0,1057184.7508482044,2.3505186193251806,-0.0,ACCEL
W6_vector_01,16.025641025641026,77.04635108481263,1,9.615384615384615,0.6000000000000035,25.0,1070614.7587619543,2.4100925352997375,-0.0,ACCEL
W6_vector_01,16.22596153846154,78.98454835428994,1,9.735576923076923,0.5999999999999982,25.0,1084046.133507581,2.470413834573441,-0.0,ACCEL
W6_vector_01,16.42628205128205,80.94682260848126,1,9.85576923076923,0.6,25.0,1097478.881335877,2.5314825935509093,-0.0,ACCEL
W6_vector_01,16.626602564102566,82.93317384738661,1,9.975961538461538,0.5999999999999982,25.0,1110913.0084975797,2.59329888898458,-0.0,ACCEL
W6_vector_01,16.826923076923077,84.94360207100591,1,10.096153846153845,0.6,25.0,1124348.521243457,2.655862797974711,-0.0,ACCEL
W6_vector_01,17.02724358974359,86.97810727933926,1,10.216346153846155,0.6000000000000071,25.0,1137785.4258242685,2.719174397969385,-0.0,ACCEL
W6_vector_01,17.227564102564102,89.03668947238658,1,10.336538461538462,0.6,25.0,1151223.728490733,2.7832337667644977,-0.0,ACCEL
W6_vector_01,17.427884615384617,91.11934865014794,1,10.45673076923077,0.5999999999999982,25.0,1164663.4354936432,2.8480409825037727,-0.0,ACCEL
W6_vector_01,17.628205128205128,93.22608481262327,1,10.576923076923077,0.6,25.0,1178104.5530837504,2.913596123678749,-0.0,ACCEL
W6_vector_01,17.828525641025642,95.35689795981264,1,10.697115384615385,0.5999999999999982,25.0,1191547.087511798,2.9798992691287918,-0.0,ACCEL
W6_vector_01,18.028846153846153,97.51178809171597,1,10.817307692307692,0.6,25.0,1204991.0450285545,3.0469504980410815,-0.0,ACCEL
W6_vector_01,18.229166666666668,99.69075520833334,1,10.9375,0.5999999999999982,25.0,1218436.4318847621,3.1147498899506245,-0.0,ACCEL
W6_vector_01,18.42948717948718,101.89379930966469,1,11.057692307692307,0.6,25.0,1231883.2543311901,3.1832975247402424,-0.0,ACCEL
W6_vector_01,18.629807692307693,104.12092039571006,1,11.177884615384615,0.5999999999999982,25.0,1245331.5186185804,3.2525934826405822,-0.0,ACCEL
W6_vector_01,18.830128205128204,106.37211846646942,1,11.298076923076922,0.6,25.0,1258781.2309977026,3.3226378442301083,-0.0,ACCEL
W6_vector_01,19.03044871794872,108.64739352194282,1,11.418269230769232,0.6000000000000071,25.0,1272232.3977193169,3.39343069043511,-0.0,ACCEL
W6_vector_01,19.230769230769234,110.9467455621302,1,11.53846153846154,0.5999999999999982,25.0,1285685.0250341338,3.464972102529692,-0.0,ACCEL
W6_vector_01,19.431089743589745,113.27017458703156,1,11.658653846153847,0.6,25.0,1299139.1191929646,3.537262162135781,-0.0,ACCEL
W6_vector_01,19.63141025641026,115.61768059664696,1,11.778846153846155,0.5999999999999982,25.0,1312594.6864465356,3.6103009512231288,-0.0,ACCEL
W6_vector_01,19.83173076923077,117.98926359097634,1,11.899038461538462,0.6,25.0,1326051.7330456171,3.6840885521093027,-0.0,ACCEL
W6_vector_01,20.032051282051285,120.38492357001975,1,12.01923076923077,0.5999999999999982,25.0,1339510.2652409498,3.7586250474596943,-0.0,ACCEL
W6_vector_01,20.232371794871796,122.80466053377712,1,12.139423076923077,0.6,25.0,1352970.2892833045,3.833910520287513,-0.0,ACCEL
W6_vector_01,20.43269230769231,125.24847448224854,1,12.259615384615385,0.5999999999999982,25.0,1366431.8114234214,3.909945053953792,-0.0,ACCEL
W6_vector_01,20.63301282051282,127.71636541543393,1,12.379807692307692,0.6,25.0,1379894.837912072,3.986728732167382,-0.0,ACCEL
W6_vector_01,20.833333333333336,130.20833333333337,1,12.500000000000002,0.6000000000000071,25.0,1393359.3750000163,4.064261638984958,-0.0,ACCEL
W6_vector_01,21.033653846153847,132.72437823594674,1,12.620192307692308,0.6,25.0,1406825.428937965,4.142543858811011,-0.0,ACCEL
W6_vector_01,21.23397435897436,135.2645001232742,1,12.740384615384617,0.5999999999999982,25.0,1420293.0059767186,4.221575476397857,-0.0,ACCEL
W6_vector_01,21.434294871794872,137.82869899531556,1,12.860576923076923,0.6,25.0,1433762.1123670284,4.30135657684563,-0.0,ACCEL
W6_vector_01,21.634615384615387,140.41697485207104,1,12.980769230769232,0.5999999999999982,25.0,1447232.7543596341,4.381887245602288,-0.0,ACCEL
W6_vector_01,21.834935897435898,143.02932769354044,1,13.100961538461538,0.6,25.0,1460704.9382053076,4.463167568463604,-0.0,ACCEL
W6_vector_01,22.035256410256412,145.66575751972388,1,13.221153846153847,0.5999999999999982,25.0,1474178.6701547878,4.5451976315731795,-0.0,ACCEL
W6_vector_01,22.235576923076923,148.32626433062129,1,13.341346153846153,0.6,25.0,1487653.9564588475,4.627977521422429,-0.0,ACCEL
W6_vector_01,22.435897435897438,151.01084812623276,1,13.461538461538462,0.5999999999999982,25.0,1501130.8033682252,4.711507324850594,-0.0,ACCEL
W6_vector_01,22.63621794871795,153.7195089065582,1,13.581730769230768,0.6,25.0,1514609.2171336934,4.79578712904473,-0.0,ACCEL
W6_vector_01,22.836538461538463,156.45224667159766,1,13.701923076923078,0.6000000000000071,25.0,1528089.2040060132,4.880817021539723,-0.0,ACCEL
W6_vector_01,23.036858974358974,159.2090614213511,1,13.822115384615385,0.6,25.0,1541570.7702358908,4.966597090218269,-0.0,ACCEL
W6_vector_01,23.23717948717949,161.98995315581857,1,13.942307692307693,0.5999999999999982,25.0,1555053.922074131,5.053127423310891,-0.0,ACCEL
W6_vector_01,23.4375,164.794921875,1,14.0625,0.6,25.0,1568538.6657714844,5.140408109395931,-0.0,ACCEL
W6_vector_01,23.637820512820515,167.6239675788955,1,14.182692307692308,0.5999999999999982,25.0,1582025.0075786896,5.228439237399554,-0.0,ACCEL
W6_vector_01,23.838141025641026,170.4770902675049,1,14.302884615384615,0.6,25.0,1595512.9537465195,5.3172208965957415,-0.0,ACCEL
W6_vector_01,24.03846153846154,173.3542899408284,1,14.423076923076923,0.5999999999999982,25.0,1609002.5105257123,5.406753176606299,-0.0,ACCEL
W6_vector_01,24.23878205128205,176.25556659886587,1,14.54326923076923,0.6,25.0,1622493.6841670414,5.497036167400848,-0.0,ACCEL
W6_vector_01,24.439102564102566,179.18092024161737,1,14.663461538461538,0.5999999999999982,25.0,1635986.4809212445,5.588069959296841,-0.0,ACCEL
W6_vector_01,24.639423076923077,182.13035086908283,1,14.783653846153845,0.6,25.0,1649480.9070390952,5.67985464295954,-0.0,ACCEL
W6_vector_01,24.83974358974359,185.10385848126234,1,14.903846153846153,0.5999999999999982,25.0,1662976.968771331,5.7723903094020335,-0.0,ACCEL
W6_vector_01,25.040064102564102,188.1014430781558,1,15.02403846153846,0.6,25.0,1676474.672368726,5.865677049985228,-0.0,ACCEL
W6_vector_01,25.240384615384617,191.12310465976333,1,15.14423076923077,0.6000000000000071,25.0,1689974.0240820418,5.959714956417857,-0.0,ACCEL
W6_vector_01,25.440705128205128,194.16884322608482,1,15.264423076923077,0.6,25.0,1703475.0301619796,6.054504120756463,-0.0,ACCEL
W6_vector_01,25.641025641025642,197.23865877712035,1,15.384615384615385,0.5999999999999982,25.0,1716977.6968593488,6.150044635405422,-0.0,ACCEL
W6_vector_01,25.841346153846157,200.33255131286987,1,15.504807692307693,0.5999999999999982,25.0,1730482.0304248955,6.246336593116921,-0.0,ACCEL
W6_vector_01,26.041666666666668,203.45052083333334,1,15.625,0.6,25.0,1743988.037109375,6.343380086990972,-0.0,ACCEL
W6_vector_01,26.241987179487182,206.59256733851086,1,15.745192307692308,0.5999999999999982,25.0,1757495.7231635286,6.441175210475412,-0.0,ACCEL
W6_vector_01,26.442307692307693,209.75869082840237,1,15.865384615384615,0.6,25.0,1771005.0948381315,6.5397220573658865,-0.0,ACCEL
W6_vector_01,26.642628205128208,212.9488913030079,1,15.985576923076923,0.5999999999999982,25.0,1784516.1583839196,6.639020721805876,-0.0,ACCEL
W6_vector_01,26.84294871794872,216.16316876232742,1,16.10576923076923,0.6,25.0,1798028.9200516685,6.739071298286671,-0.0,ACCEL
W6_vector_01,27.043269230769234,219.401523206361,1,16.22596153846154,0.6000000000000071,25.0,1811543.3860921396,6.8398738816473905,-0.0,ACCEL
W6_vector_01,27.243589743589745,222.66395463510847,1,16.346153846153847,0.6,25.0,1825059.5627560308,6.941428567074964,-0.0,ACCEL
W6_vector_01,27.44391025641026,225.95046304857007,1,16.466346153846153,0.5999999999999893,25.0,1838577.4562941291,7.043735450104152,-0.0,ACCEL
W6_vector_01,27.64423076923077,229.26104844674558,1,16.58653846153846,0.6,25.0,1852097.072957264,7.146794626617532,-0.0,ACCEL
W6_vector_01,27.844551282051285,232.59571082963515,1,16.70673076923077,0.6000000000000071,25.0,1865618.4189961178,7.250606192845504,-0.0,ACCEL
W6_vector_01,28.044871794871796,235.95445019723866,1,16.826923076923077,0.6,25.0,1879141.5006614132,7.355170245366282,-0.0,ACCEL
W6_vector_01,28.24519230769231,239.33726654955626,1,16.947115384615387,0.6000000000000071,25.0,1892666.3242039925,7.46048688110591,-0.0,ACCEL
W6_vector_01,28.44551282051282,242.7441598865878,1,17.067307692307693,0.6,25.0,1906192.8958745238,7.566556197338243,-0.0,ACCEL
W6_vector_01,28.645833333333336,246.17513020833334,1,17.1875,0.5999999999999893,25.0,1919721.221923795,7.673378291684965,-0.0,ACCEL
W6_vector_01,28.846153846153847,249.6301775147929,1,17.307692307692307,0.6,25.0,1933251.30860264,7.7809532621155775,-0.0,ACCEL
W6_vector_01,29.04647435897436,253.1093018059665,1,17.427884615384617,0.6000000000000071,25.0,1946783.1621617372,7.889281206947405,-0.0,ACCEL
W6_vector_01,29.246794871794872,256.612503081854,1,17.548076923076923,0.6,25.0,1960316.7888518078,7.998362224845587,-0.0,ACCEL
W6_vector_01,29.447115384615387,260.13978134245565,1,17.66826923076923,0.5999999999999893,25.0,1973852.1949236412,8.108196414823087,-0.0,ACCEL
W6_vector_01,29.647435897435898,263.6911365877712,1,17.788461538461537,0.6,25.0,1987389.3866280722,8.218783876240693,-0.0,ACCEL
W6_vector_01,29.847756410256412,267.2665688178008,1,17.908653846153847,0.6000000000000071,25.0,2000928.370215778,8.33012470880701,-0.0,ACCEL
W6_vector_01,30.048076923076923,270.86607803254435,1,18.028846153846153,0.6,25.0,2014469.1519374787,8.442219012578457,-0.0,ACCEL
W6_vector_01,30.248397435897438,274.489664232002,1,18.149038461538463,0.6000000000000071,25.0,2028011.7380440226,8.555066887959292,-0.0,ACCEL
W6_vector_01,30.44871794871795,278.13732741617355,1,18.26923076923077,0.6,25.0,2041556.134786072,8.668668435701571,-0.0,ACCEL
W6_vector_01,30.649038461538463,281.8090675850592,1,18.389423076923077,0.5999999999999893,25.0,2055102.3484144174,8.783023756905187,-0.0,ACCEL
W6_vector_01,30.849358974358974,285.50488473865875,1,18.509615384615383,0.6,25.0,2068650.3851798973,8.898132953017848,-0.0,ACCEL
W6_vector_01,31.04967948717949,289.22477887697244,1,18.629807692307693,0.6000000000000071,25.0,2082200.2513331852,9.01399612583509,-0.0,ACCEL
W6_vector_01,31.25,292.96875,1,18.75,0.6,25.0,2095751.953125,9.130613377500254,-0.0,ACCEL
W6_vector_01,31.450320512820515,296.73679810774166,1,18.870192307692307,0.5999999999999893,25.0,2109305.496806133,9.247984810504512,-0.0,ACCEL
W6_vector_01,31.650641025641026,300.5289232001972,1,18.990384615384613,0.6,25.0,2122860.888627425,9.36611052768686,-0.0,ACCEL
W6_vector_01,31.85096153846154,304.3451252773669,1,19.110576923076923,0.6000000000000071,25.0,2136418.1348395473,9.48499063223411,-0.0,ACCEL
W6_vector_01,32.05128205128205,308.1854043392505,1,19.23076923076923,0.6,25.0,2149977.241693218,9.604625227680891,-0.0,ACCEL
W6_vector_01,32.25160256410257,312.04976038584823,1,19.35096153846154,0.5999999999999964,25.0,2163538.2154392544,9.725014417909664,-0.0,ACCEL
W6_vector_01,32.45192307692308,315.93819341715977,1,19.471153846153847,0.6,25.0,2177101.062328424,9.846158307150693,-0.0,ACCEL
W6_vector_01,32.65224358974359,319.8507034331854,1,19.591346153846153,0.6,25.0,2190665.7886114456,9.96805699998208,-0.0,ACCEL
W6_vector_01,32.8525641025641,323.787290433925,1,19.71153846153846,0.6,25.0,2204232.400539087,10.09071060132974,-0.0,ACCEL
W6_vector_01,33.05288461538462,327.74795441937874,1,19.83173076923077,0.5999999999999964,25.0,2217800.9043620927,10.214119216467413,-0.0,ACCEL
W6_vector_01,33.25320512820513,331.73269538954645,1,19.951923076923077,0.6,25.0,2231371.306331254,10.33828295101665,-0.0,ACCEL
W6_vector_01,33.45352564102564,335.74151334442803,1,20.072115384615383,0.6,25.0,2244943.6126972903,10.46320191094683,-0.0,ACCEL
W6_vector_01,33.65384615384615,339.77440828402365,1,20.19230769230769,0.6,25.0,2258517.8297109692,10.588876202575154,-0.0,ACCEL
W6_vector_01,33.85416666666667,343.8313802083334,1,20.312500000000004,0.6000000000000142,25.0,2272093.9636230995,10.71530593256665,-0.0,ACCEL
W6_vector_01,34.05448717948718,347.912429117357,1,20.43269230769231,0.6,25.0,2285672.0206842786,10.842491207934142,-0.0,ACCEL
W6_vector_01,34.25480769230769,352.01755501109466,1,20.552884615384617,0.6,25.0,2299252.0071454193,10.970432136038298,-0.0,ACCEL
W6_vector_01,34.455128205128204,356.14675788954634,1,20.673076923076923,0.6,25.0,2312833.9292572257,11.099128824587599,-0.0,ACCEL
W6_vector_01,34.65544871794872,360.3000377527121,1,20.793269230769234,0.5999999999999964,25.0,2326417.7932704403,11.228581381638353,-0.0,ACCEL
W6_vector_01,34.85576923076923,364.47739460059177,1,20.91346153846154,0.6,25.0,2340003.605435857,11.358789915594674,-0.0,ACCEL
W6_vector_01,35.056089743589745,368.6788284331854,1,21.033653846153847,0.6,25.0,2353591.3720041937,11.48975453520851,-0.0,ACCEL
W6_vector_01,35.256410256410255,372.9043392504931,1,21.153846153846153,0.6,25.0,2367181.0992262177,11.621475349579626,-0.0,ACCEL
W6_vector_01,35.456730769230774,377.15392705251486,1,21.274038461538463,0.5999999999999964,25.0,2380772.793352672,11.75395246815561,-0.0,ACCEL
W6_vector_01,35.657051282051285,381.42759183925057,1,21.39423076923077,0.6,25.0,2394366.460634352,11.88718600073186,-0.0,ACCEL
W6_vector_01,35.857371794871796,385.7253336107002,1,21.514423076923077,0.6,25.0,2407962.107321974,12.02117605745161,-0.0,ACCEL
W6_vector_01,36.05769230769231,390.0471523668639,1,21.634615384615383,0.6,25.0,2421559.739666306,12.155922748805903,-0.0,ACCEL
W6_vector_01,36.258012820512825,394.3930481077417,1,21.754807692307693,0.5999999999999964,25.0,2435159.3639180907,12.291426185633615,-0.0,ACCEL
W6_vector_01,36.458333333333336,398.76302083333337,1,21.875,0.6,25.0,2448760.986328125,12.427686479121423,-0.0,ACCEL
W6_vector_01,36.65865384615385,403.15707054363907,1,21.995192307692307,0.6,25.0,2462364.6131471223,12.564703740803843,-0.0,ACCEL
W6_vector_01,36.85897435897436,407.57519723865875,1,22.115384615384613,0.6,25.0,2475970.2506258534,12.702478082563205,-0.0,ACCEL
W6_vector_01,37.059294871794876,412.0174009183926,1,22.235576923076923,0.5999999999999964,25.0,2489577.905015059,12.84100961662966,-0.0,ACCEL
W6_vector_01,37.25961538461539,416.48368158284023,1,22.35576923076923,0.6,25.0,2503187.5825655367,12.98029845558118,-0.0,ACCEL
W6_vector_01,37.4599358974359,420.9740392320019,1,22.475961538461537,0.6,25.0,2516799.2895280006,13.120344712343554,-0.0,ACCEL
W6_vector_01,37.66025641025641,425.48847386587767,1,22.596153846153843,0.6,25.0,2530413.03215322,13.261148500190398,-0.0,ACCEL
W6_vector_01,37.86057692307693,430.0269854844675,1,22.716346153846157,0.6000000000000142,25.0,2544028.8166920096,13.402709932743154,-0.0,ACCEL
W6_vector_01,38.06089743589744,434.58957408777127,1,22.836538461538463,0.6,25.0,2557646.649394949,13.545029123971059,-0.0,ACCEL
W6_vector_01,38.26121794871795,439.1762396757889,1,22.95673076923077,0.6,25.0,2571266.5365129695,13.688106188191195,-0.0,ACCEL
W6_vector_01,38.46153846153847,443.7869822485208,1,23.07692307692308,0.5999999999999964,25.0,2584888.4842967535,13.831941240068467,-0.0,ACCEL
W6_vector_01,38.66185897435898,448.42180180596654,1,23.197115384615387,0.6,25.0,2598512.498997101,13.97653439461558,-0.0,ACCEL
W6_vector_01,38.86217948717949,453.08069834812625,1,23.317307692307693,0.6,25.0,2612138.5868647234,14.121885767193076,-0.0,ACCEL
W6_vector_01,39.0625,457.763671875,1,23.4375,0.6,25.0,2625766.7541503906,14.267995473509314,-0.0,ACCEL
W6_vector_01,39.26282051282052,462.47072238658785,1,23.55769230769231,0.5999999999999964,25.0,2639397.007104844,14.414863629620477,-0.0,ACCEL
W6_vector_01,39.46314102564103,467.20184988288963,1,23.677884615384617,0.6,25.0,2653029.351978884,14.562490351930554,-0.0,ACCEL
W6_vector_01,39.66346153846154,471.95705436390534,1,23.798076923076923,0.6,25.0,2666663.7950232206,14.710875757191372,-0.0,ACCEL
W6_vector_01,39.86378205128205,476.7363358296351,1,23.91826923076923,0.6,25.0,2680300.342488625,14.86001996250257,-0.0,ACCEL
W6_vector_01,40.06410256410257,481.539694280079,1,24.03846153846154,0.5999999999999964,25.0,2693939.000625838,15.009923085311614,-0.0,ACCEL
W6_vector_01,40.26442307692308,486.3671297152368,1,24.158653846153847,0.6,25.0,2707579.775685661,15.160585243413779,-0.0,ACCEL
W6_vector_01,40.46474358974359,491.2186421351085,1,24.278846153846153,0.6,25.0,2721222.6739188028,15.312006554952173,-0.0,ACCEL
W6_vector_01,40.6650641025641,496.09423153969425,1,24.39903846153846,0.6,25.0,2734867.701576035,15.464187138417719,-0.0,ACCEL
W6_vector_01,40.86538461538462,500.99389792899416,1,24.51923076923077,0.5999999999999964,25.0,2748514.864908098,15.617127112649166,-0.0,ACCEL
W6_vector_01,41.06570512820513,505.91764130300794,1,24.639423076923077,0.6,25.0,2762164.170165793,15.77082659683307,-0.0,ACCEL
W6_vector_01,41.26602564102564,510.8654616617357,1,24.759615384615383,0.6,25.0,2775815.6235998305,15.925285710503822,-0.0,ACCEL
W6_vector_01,41.46634615384615,515.8373590051775,1,24.87980769230769,0.6,25.0,2789469.2314609806,16.080504573543628,-0.0,ACCEL
W6_vector_01,41.66666666666667,520.8333333333334,1,25.0,0.5999999999999964,25.0,2803124.999999984,16.23648330618252,-0.0,CRUISE
W6_vector_01,41.86566091954023,525.8081896551724,1,25.0,0.0,25.0,103125.0,16.242183662384626,-0.0,CRUISE
W6_vector_01,42.0646551724138,530.7830459770115,1,25.0,0.0,25.0,103125.0,16.247884018586735,-0.0,CRUISE
W6_vector_01,42.26364942528736,535.7579022988506,1,25.0,0.0,25.0,103125.0,16.25358437478884,-0.0,CRUISE
W6_vector_01,42.46264367816092,540.7327586206897,1,25.0,0.0,25.0,103125.0,16.25928473099095,-0.0,CRUISE
W6_vector_01,42.661637931034484,545.7076149425287,1,25.0,0.0,25.0,103125.0,16.264985087193054,-0.0,CRUISE
W6_vector_01,42.86063218390805,550.6824712643679,1,25.0,0.0,25.0,103125.0,16.270685443395163,-0.0,CRUISE
W6_vector_01,43.05962643678161,555.657327586207,1,25.0,0.0,25.0,103125.0,16.276385799597268,-0.0,CRUISE
W6_vector_01,43.258620689655174,560.632183908046,1,25.0,0.0,25.0,103125.0,16.282086155799377,-0.0,CRUISE
W6_vector_01,43.45761494252874,565.6070402298851,1,25.0,0.0,25.0,103125.0,16.28778651200148,-0.0,CRUISE
W6_vector_01,43.656609195402304,570.5818965517242,1,25.0,0.0,25.0,103125.0,16.293486868203587,-0.0,CRUISE
W6_vector_01,43.855603448275865,575.5567528735633,1,25.0,0.0,25.0,103125.0,16.299187224405696,-0.0,CRUISE
W6_vector_01,44.05459770114943,580.5316091954023,1,25.0,0.0,25.0,103125.0,16.3048875806078,-0.0,CRUISE
W6_vector_01,44.253591954022994,585.5064655172414,1,25.0,0.0,25.0,103125.0,16.31058793680991,-0.0,CRUISE
W6_vector_01,44.452586206896555,590.4813218390805,1,25.0,0.0,25.0,103125.0,16.316288293012015,-0.0,CRUISE
W6_vector_01,44.651580459770116,595.4561781609195,1,25.0,0.0,25.0,103125.0,16.321988649214124,-0.0,CRUISE
W6_vector_01,44.850574712643684,600.4310344827586,1,25.0,0.0,25.0,103125.0,16.32768900541623,-0.0,CRUISE
W6_vector_01,45.049568965517246,605.4058908045977,1,25.0,0.0,25.0,103125.0,16.333389361618337,-0.0,CRUISE
W6_vector_01,45.24856321839081,610.3807471264367,1,25.0,0.0,25.0,103125.0,16.339089717820443,-0.0,CRUISE
W6_vector_01,45.447557471264375,615.3556034482759,1,25.0,0.0,25.0,103125.0,16.34479007402255,-0.0,CRUISE
W6_vector_01,45.646551724137936,620.330459770115,1,25.0,0.0,25.0,103125.0,16.350490430224657,-0.0,CRUISE
W6_vector_01,45.8455459770115,625.3053160919541,1,25.0,0.0,25.0,103125.0,16.356190786426765,-0.0,CRUISE
W6_vector_01,46.04454022988506,630.2801724137931,1,25.0,0.0,25.0,103125.0,16.36189114262887,-0.0,CRUISE
W6_vector_01,46.243534482758626,635.2550287356322,1,25.0,0.0,25.0,103125.0,16.36759149883098,-0.0,CRUISE
W6_vector_01,46.44252873563219,640.2298850574713,1,25.0,0.0,25.0,103125.0,16.373291855033084,-0.0,CRUISE
W6_vector_01,46.64152298850575,645.2047413793103,1,25.0,0.0,25.0,103125.0,16.378992211235193,-0.0,CRUISE
W6_vector_01,46.84051724137932,650.1795977011494,1,25.0,0.0,25.0,103125.0,16.3846925674373,-0.0,CRUISE
W6_vector_01,47.03951149425288,655.1544540229885,1,25.0,0.0,25.0,103125.0,16.390392923639407,-0.0,CRUISE
W6_vector_01,47.23850574712644,660.1293103448277,1,25.0,0.0,25.0,103125.0,16.396093279841512,-0.0,CRUISE
W6_vector_01,47.4375,665.1041666666667,1,25.0,0.0,25.0,103125.0,16.40179363604362,-0.0,CRUISE
W6_vector_01,47.63649425287357,670.0790229885058,1,25.0,0.0,25.0,103125.0,16.407493992245726,-0.0,CRUISE
W6_vector_01,47.83548850574713,675.0538793103449,1,25.0,0.0,25.0,103125.0,16.413194348447835,-0.0,CRUISE
W6_vector_01,48.03448275862069,680.028735632184,1,25.0,0.0,25.0,103125.0,16.41889470464994,-0.0,CRUISE
W6_vector_01,48.23347701149426,685.003591954023,1,25.0,0.0,25.0,103125.0,16.42459506085205,-0.0,CRUISE
W6_vector_01,48.43247126436782,689.9784482758621,1,25.0,0.0,25.0,103125.0,16.430295417054154,-0.0,CRUISE
W6_vector_01,48.63146551724138,694.9533045977012,1,25.0,0.0,25.0,103125.0,16.435995773256263,-0.0,CRUISE
W6_vector_01,48.83045977011494,699.9281609195402,1,25.0,0.0,25.0,103125.0,16.441696129458368,-0.0,CRUISE
W6_vector_01,49.02945402298851,704.9030172413793,1,25.0,0.0,25.0,103125.0,16.447396485660477,-0.0,CRUISE
W6_vector_01,49.22844827586207,709.8778735632184,1,25.0,0.0,25.0,103125.0,16.453096841862582,-0.0,CRUISE
W6_vector_01,49.42744252873563,714.8527298850574,1,25.0,0.0,25.0,103125.0,16.45879719806469,-0.0,CRUISE
W6_vector_01,49.6264367816092,719.8275862068965,1,25.0,0.0,25.0,103125.0,16.464497554266796,-0.0,CRUISE
W6_vector_01,49.82543103448276,724.8024425287356,1,25.0,0.0,25.0,103125.0,16.470197910468904,-0.0,CRUISE
W6_vector_01,50.02442528735632,729.7772988505747,1,25.0,0.0,25.0,103125.0,16.47589826667101,-0.0,CRUISE
W6_vector_01,50.223419540229884,734.7521551724137,1,25.0,0.0,25.0,103125.0,16.48159862287312,-0.0,CRUISE
W6_vector_01,50.42241379310345,739.7270114942529,1,25.0,0.0,25.0,103125.0,16.487298979075224,-0.0,CRUISE
W6_vector_01,50.62140804597701,744.701867816092,1,25.0,0.0,25.0,103125.0,16.492999335277332,-0.0,CRUISE
W6_vector_01,50.82040229885058,749.676724137931,1,25.0,0.0,25.0,103125.0,16.498699691479437,-0.0,CRUISE
W6_vector_01,51.01939655172414,754.6515804597701,1,25.0,0.0,25.0,103125.0,16.504400047681546,-0.0,CRUISE
W6_vector_01,51.2183908045977,759.6264367816092,1,25.0,0.0,25.0,103125.0,16.51010040388365,-0.0,CRUISE
W6_vector_01,51.417385057471265,764.6012931034483,1,25.0,0.0,25.0,103125.0,16.51580076008576,-0.0,CRUISE
W6_vector_01,51.61637931034483,769.5761494252873,1,25.0,0.0,25.0,103125.0,16.521501116287865,-0.0,CRUISE
W6_vector_01,51.815373563218394,774.5510057471264,1,25.0,0.0,25.0,103125.0,16.527201472489974,-0.0,CRUISE
W6_vector_01,52.014367816091955,779.5258620689656,1,25.0,0.0,25.0,103125.0,16.53290182869208,-0.0,CRUISE
W6_vector_01,52.21336206896552,784.5007183908046,1,25.0,0.0,25.0,103125.0,16.538602184894188,-0.0,CRUISE
W6_vector_01,52.412356321839084,789.4755747126437,1,25.0,0.0,25.0,103125.0,16.544302541096293,-0.0,CRUISE
W6_vector_01,52.611350574712645,794.4504310344828,1,25.0,0.0,25.0,103125.0,16.550002897298402,-0.0,CRUISE
W6_vector_01,52.810344827586206,799.4252873563219,1,25.0,0.0,25.0,103125.0,16.555703253500507,-0.0,CRUISE
W6_vector_01,53.009339080459775,804.4001436781609,1,25.0,0.0,25.0,103125.0,16.561403609702612,-0.0,CRUISE
W6_vector_01,53.208333333333336,809.375,1,25.0,0.0,25.0,103125.0,16.56710396590472,-0.0,BRAKE
W6_vector_01,53.40994623655914,814.3990634755463,1,24.838709677419356,-0.7999999999999894,25.0,-3474554.5030377824,16.56710396590472,0.06810562701967025,BRAKE
W6_vector_01,53.61155913978495,819.3906087408949,1,24.677419354838708,-0.800000000000007,25.0,-3452230.1189957014,16.56710396590472,0.135773668106616,BRAKE
W6_vector_01,53.81317204301075,824.3496357960457,1,24.516129032258064,-0.8000000000000176,25.0,-3429901.8629788295,16.56710396590472,0.2030040473652717,BRAKE
W6_vector_01,54.01478494623656,829.276144640999,1,24.35483870967742,-0.7999999999999894,25.0,-3407569.750092263,16.56710396590472,0.2697966891961577,BRAKE
W6_vector_01,54.21639784946237,834.1701352757544,1,24.193548387096776,-0.7999999999999894,25.0,-3385233.7954415297,16.56710396590472,0.33615151829587453,BRAKE
W6_vector_01,54.418010752688176,839.0316077003122,1,24.032258064516128,-0.800000000000007,25.0,-3362894.0141318156,16.56710396590472,0.40206845965710564,BRAKE
W6_vector_01,54.61962365591398,843.8605619146722,1,23.870967741935484,-0.7999999999999894,25.0,-3340550.4212681223,16.56710396590472,0.46754743856861164,BRAKE
W6_vector_01,54.821236559139784,848.6569979188346,1,23.70967741935484,-0.8000000000000176,25.0,-3318203.0319560356,16.56710396590472,0.532588380615239,BRAKE
W6_vector_01,55.02284946236559,853.4209157127991,1,23.548387096774192,-0.800000000000007,25.0,-3295851.8613004223,16.56710396590472,0.5971912116779158,BRAKE
W6_vector_01,55.2244623655914,858.152315296566,1,23.387096774193548,-0.7999999999999894,25.0,-3273496.9244066547,16.56710396590472,0.661355857933647,BRAKE
W6_vector_01,55.42607526881721,862.8511966701353,1,23.225806451612904,-0.7999999999999894,25.0,-3251138.2363800704,16.56710396590472,0.7250822458555239,BRAKE
W6_vector_01,55.627688172043015,867.5175598335068,1,23.06451612903226,-0.7999999999999894,25.0,-3228775.812325826,16.56710396590472,0.7883703022127174,BRAKE
W6_vector_01,55.829301075268816,872.1514047866806,1,22.903225806451612,-0.8000000000000352,25.0,-3206409.6673493446,16.56710396590472,0.8512199540704817,BRAKE
W6_vector_01,56.030913978494624,876.7527315296566,1,22.741935483870968,-0.7999999999999894,25.0,-3184039.8165552923,16.56710396590472,0.913631128790148,BRAKE
W6_vector_01,56.23252688172043,881.3215400624349,1,22.580645161290324,-0.7999999999999894,25.0,-3161666.2750494685,16.56710396590472,0.9756037540291332,BRAKE
W6_vector_01,56.43413978494624,885.8578303850156,1,22.419354838709676,-0.800000000000007,25.0,-3139289.0579369897,16.56710396590472,1.0371377577409362,BRAKE
W6_vector_01,56.63575268817205,890.3616024973985,1,22.258064516129032,-0.7999999999999894,25.0,-3116908.1803228734,16.56710396590472,1.0982330681751329,BRAKE
W6_vector_01,56.837365591397855,894.8328563995838,1,22.096774193548388,-0.7999999999999894,25.0,-3094523.657312569,16.56710396590472,1.1588896138773845,BRAKE
W6_vector_01,57.038978494623656,899.2715920915713,1,21.935483870967744,-0.8000000000000176,25.0,-3072135.504011348,16.56710396590472,1.2191073236894334,BRAKE
W6_vector_01,57.240591397849464,903.6778095733611,1,21.774193548387096,-0.800000000000007,25.0,-3049743.735524179,16.56710396590472,1.2788861267491034,BRAKE
W6_vector_01,57.44220430107527,908.0515088449531,1,21.612903225806452,-0.7999999999999894,25.0,-3027348.366956422,16.56710396590472,1.338225952490297,BRAKE
W6_vector_01,57.64381720430108,912.3926899063475,1,21.451612903225808,-0.7999999999999894,25.0,-3004949.413413406,16.56710396590472,1.397126730643002,BRAKE
W6_vector_01,57.84543010752688,916.7013527575442,1,21.29032258064516,-0.8000000000000352,25.0,-2982546.890000471,16.56710396590472,1.4555883912332874,BRAKE
W6_vector_01,58.04704301075269,920.9774973985432,1,21.129032258064516,-0.7999999999999894,25.0,-2960140.8118223217,16.56710396590472,1.5136108645832997,BRAKE
W6_vector_01,58.248655913978496,925.2211238293444,1,20.967741935483872,-0.7999999999999894,25.0,-2937731.1939847204,16.56710396590472,1.5711940813112713,BRAKE
W6_vector_01,58.450268817204304,929.432232049948,1,20.806451612903224,-0.800000000000007,25.0,-2915318.051592789,16.56710396590472,1.6283379723315157,BRAKE
W6_vector_01,58.65188172043011,933.6108220603538,1,20.64516129032258,-0.7999999999999894,25.0,-2892901.399751563,16.56710396590472,1.685042468854424,BRAKE
W6_vector_01,58.85349462365592,937.756893860562,1,20.483870967741936,-0.7999999999999894,25.0,-2870481.2535664737,16.56710396590472,1.7413075023864735,BRAKE
W6_vector_01,59.05510752688172,941.8704474505723,1,20.32258064516129,-0.8000000000000352,25.0,-2848057.6281428565,16.56710396590472,1.7971330047302219,BRAKE
W6_vector_01,59.25672043010753,945.951482830385,1,20.161290322580644,-0.7999999999999894,25.0,-2825630.5385854403,16.56710396590472,1.8525189079843052,BRAKE
W6_vector_01,59.458333333333336,950.0,1,20.0,-0.7999999999999894,25.0,-2803199.999999962,16.56710396590472,1.9074651445434447,BRAKE
W6_vector_01,59.65994623655914,954.0159989594173,1,19.838709677419356,-0.7999999999999894,25.0,-2780766.027491486,16.56710396590472,1.9619716470984416,BRAKE
W6_vector_01,59.861559139784944,957.9994797086368,1,19.67741935483871,-0.8000000000000176,25.0,-2758328.6361653474,16.56710396590472,2.0160383486361795,BRAKE
W6_vector_01,60.06317204301075,961.9504422476587,1,19.516129032258064,-0.800000000000007,25.0,-2735887.8411265397,16.56710396590472,2.0696651824396235,BRAKE
W6_vector_01,60.26478494623656,965.8688865764829,1,19.35483870967742,-0.7999999999999894,25.0,-2713443.65748041,16.56710396590472,2.1228520820878174,BRAKE
W6_vector_01,60.46639784946237,969.7548126951092,1,19.193548387096776,-0.7999999999999894,25.0,-2690996.1003322783,16.56710396590472,2.17559898145589,BRAKE
W6_vector_01,60.668010752688176,973.608220603538,1,19.032258064516128,-0.800000000000007,25.0,-2668545.1847873763,16.56710396590472,2.2279058147150512,BRAKE
W6_vector_01,60.86962365591398,977.429110301769,1,18.870967741935484,-0.7999999999999894,25.0,-2646090.925950754,16.56710396590472,2.27977251633259,BRAKE
W6_vector_01,61.071236559139784,981.2174817898023,1,18.70967741935484,-0.8000000000000176,25.0,-2623633.3389279237,16.56710396590472,2.331199021071879,BRAKE
W6_vector_01,61.27284946236559,984.9733350676379,1,18.548387096774192,-0.800000000000007,25.0,-2601172.4388238294,16.56710396590472,2.3821852639923735,BRAKE
W6_vector_01,61.4744623655914,988.6966701352758,1,18.387096774193548,-0.7999999999999894,25.0,-2578708.2407438136,16.56710396590472,2.4327311804496063,BRAKE
W6_vector_01,61.67607526881721,992.3874869927158,1,18.225806451612904,-0.7999999999999894,25.0,-2556240.759793191,16.56710396590472,2.4828367060951946,BRAKE
W6_vector_01,61.87768817204301,996.0457856399584,1,18.06451612903226,-0.8000000000000176,25.0,-2533770.011077229,16.56710396590472,2.5325017768768365,BRAKE
W6_vector_01,62.079301075268816,999.6715660770031,1,17.903225806451612,-0.800000000000007,25.0,-2511296.009700939,16.56710396590472,2.581726329038314,BRAKE
W6_vector_01,62.280913978494624,1003.2648283038502,1,17.741935483870968,-0.7999999999999894,25.0,-2488818.7707696613,16.56710396590472,2.630510299119485,BRAKE
W6_vector_01,62.48252688172043,1006.8255723204995,1,17.580645161290324,-0.7999999999999894,25.0,-2466338.309388708,16.56710396590472,2.6788536239562935,BRAKE
W6_vector_01,62.68413978494624,1010.3537981269511,1,17.41935483870968,-0.7999999999999894,25.0,-2443854.640663254,16.56710396590472,2.7267562406807637,BRAKE
W6_vector_01,62.88575268817205,1013.849505723205,1,17.258064516129032,-0.800000000000007,25.0,-2421367.779698589,16.56710396590472,2.774218086721003,BRAKE
W6_vector_01,63.087365591397855,1017.3126951092612,1,17.096774193548388,-0.7999999999999894,25.0,-2398877.741599779,16.56710396590472,2.821239099801196,BRAKE
W6_vector_01,63.288978494623656,1020.7433662851197,1,16.935483870967744,-0.8000000000000176,25.0,-2376384.5414723107,16.56710396590472,2.867819217941613,BRAKE
W6_vector_01,63.490591397849464,1024.1415192507804,1,16.774193548387096,-0.800000000000007,25.0,-2353888.1944211554,16.56710396590472,2.913958379458605,BRAKE
W6_vector_01,63.69220430107527,1027.5071540062436,1,16.612903225806452,-0.7999999999999894,25.0,-2331388.7155516446,16.56710396590472,2.9596565229646017,BRAKE
W6_vector_01,63.89381720430108,1030.8402705515089,1,16.451612903225808,-0.7999999999999894,25.0,-2308886.1199690867,16.56710396590472,3.0049135873681183,BRAKE
W6_vector_01,64.09543010752688,1034.1408688865765,1,16.29032258064516,-0.8000000000000352,25.0,-2286380.4227787945,16.56710396590472,3.0497295118737493,BRAKE
W6_vector_01,64.29704301075269,1037.4089490114463,1,16.129032258064516,-0.7999999999999894,25.0,-2263871.6390855988,16.56710396590472,3.0941042359821704,BRAKE
W6_vector_01,64.4986559139785,1040.6445109261185,1,15.967741935483872,-0.7999999999999894,25.0,-2241359.7839951357,16.56710396590472,3.1380376994901398,BRAKE
W6_vector_01,64.7002688172043,1043.847554630593,1,15.806451612903226,-0.7999999999999983,25.0,-2218844.872612529,16.56710396590472,3.181529842490498,BRAKE
W6_vector_01,64.90188172043011,1047.0180801248698,1,15.64516129032258,-0.7999999999999983,25.0,-2196326.920042961,16.56710396590472,3.2245806053721644,BRAKE
W6_vector_01,65.10349462365592,1050.1560874089491,1,15.483870967741936,-0.7999999999999894,25.0,-2173805.941391666,16.56710396590472,3.267189928820142,BRAKE
W6_vector_01,65.30510752688173,1053.2615764828304,1,15.32258064516129,-0.7999999999999983,25.0,-2151281.9517639508,16.56710396590472,3.3093577538155152,BRAKE
W6_vector_01,65.50672043010752,1056.334547346514,1,15.161290322580646,-0.8000000000000458,25.0,-2128754.9662651042,16.56710396590472,3.351084021635449,BRAKE
W6_vector_01,65.70833333333334,1059.375,1,15.0,-0.7999999999999419,25.0,-2106224.9999998426,16.56710396590472,3.3923686738531913,BRAKE
W6_vector_01,65.90994623655914,1062.3829344432881,1,14.838709677419354,-0.8000000000000547,25.0,-2083692.0680743963,16.56710396590472,3.43321165233807,BRAKE
W6_vector_01,66.11155913978494,1065.3583506763787,1,14.67741935483871,-0.7999999999999894,25.0,-2061156.1855929361,16.56710396590472,3.473612899255494,BRAKE
W6_vector_01,66.31317204301075,1068.3012486992716,1,14.516129032258064,-0.7999999999999983,25.0,-2038617.3676613697,16.56710396590472,3.5135723570669573,BRAKE
W6_vector_01,66.51478494623656,1071.2116285119666,1,14.35483870967742,-0.7999999999999894,25.0,-2016075.6293846862,16.56710396590472,3.553089968530031,BRAKE
W6_vector_01,66.71639784946237,1074.089490114464,1,14.193548387096774,-0.7999999999999983,25.0,-1993530.985868211,16.56710396590472,3.5921656766983707,BRAKE
W6_vector_01,66.91801075268818,1076.9348335067639,1,14.032258064516128,-0.7999999999999983,25.0,-1970983.4522171079,16.56710396590472,3.6307994249217126,BRAKE
W6_vector_01,67.11962365591398,1079.7476586888656,1,13.870967741935484,-0.7999999999999894,25.0,-1948433.0435366118,16.56710396590472,3.6689911568458737,BRAKE
W6_vector_01,67.32123655913979,1082.52796566077,1,13.70967741935484,-0.7999999999999894,25.0,-1925879.7749320003,16.56710396590472,3.7067408164127533,BRAKE
W6_vector_01,67.5228494623656,1085.2757544224767,1,13.548387096774192,-0.800000000000007,25.0,-1903323.6615085264,16.56710396590472,3.7440483478603332,BRAKE
W6_vector_01,67.72446236559139,1087.9910249739855,1,13.387096774193548,-0.8000000000000458,25.0,-1880764.7183714304,16.56710396590472,3.780913695722674,BRAKE
W6_vector_01,67.9260752688172,1090.6737773152965,1,13.225806451612904,-0.7999999999999894,25.0,-1858202.960625667,16.56710396590472,3.81733680482992,BRAKE
W6_vector_01,68.12768817204301,1093.32401144641,1,13.064516129032258,-0.7999999999999983,25.0,-1835638.4033768547,16.56710396590472,3.8533176203082973,BRAKE
W6_vector_01,68.32930107526882,1095.9417273673257,1,12.903225806451614,-0.7999999999999894,25.0,-1813071.0617300281,16.56710396590472,3.8888560875801117,BRAKE
W6_vector_01,68.53091397849462,1098.5269250780436,1,12.741935483870968,-0.7999999999999983,25.0,-1790500.950790503,16.56710396590472,3.9239521523637517,BRAKE
W6_vector_01,68.73252688172043,1101.079604578564,1,12.580645161290322,-0.7999999999999983,25.0,-1767928.0856634516,16.56710396590472,3.958605760673687,BRAKE
W6_vector_01,68.93413978494624,1103.5997658688866,1,12.419354838709678,-0.7999999999999894,25.0,-1745352.4814541067,16.56710396590472,3.9928168588204693,BRAKE
W6_vector_01,69.13575268817205,1106.0874089490114,1,12.258064516129032,-0.7999999999999983,25.0,-1722774.1532677615,16.56710396590472,4.026585393410731,BRAKE
W6_vector_01,69.33736559139786,1108.5425338189386,1,12.096774193548386,-0.7999999999999983,25.0,-1700193.1162095896,16.56710396590472,4.059911311347187,BRAKE
W6_vector_01,69.53897849462365,1110.965140478668,1,11.935483870967744,-0.800000000000037,25.0,-1677609.3853849277,16.56710396590472,4.092794559828632,BRAKE
W6_vector_01,69.74059139784947,1113.3552289281997,1,11.774193548387096,-0.7999999999999506,25.0,-1655022.9758986568,16.56710396590472,4.125235086349946,BRAKE
W6_vector_01,69.94220430107526,1115.7127991675338,1,11.61290322580645,-0.8000000000000547,25.0,-1632433.9028566815,16.56710396590472,4.157232838702085,BRAKE
W6_vector_01,70.14381720430107,1118.03785119667,1,11.451612903225808,-0.7999999999999806,25.0,-1609842.1813634592,16.56710396590472,4.188787764972091,BRAKE
W6_vector_01,70.34543010752688,1120.3303850156087,1,11.29032258064516,-0.800000000000007,25.0,-1587247.8265248036,16.56710396590472,4.219899813543086,BRAKE
W6_vector_01,70.54704301075269,1122.5904006243495,1,11.129032258064518,-0.7999999999999806,25.0,-1564650.8534456328,16.56710396590472,4.2505689330942715,BRAKE
W6_vector_01,70.7486559139785,1124.817898022893,1,10.967741935483872,-0.7999999999999983,25.0,-1542051.2772313752,16.56710396590472,4.280795072600935,BRAKE
W6_vector_01,70.9502688172043,1127.0128772112382,1,10.806451612903224,-0.800000000000007,25.0,-1519449.1129871574,16.56710396590472,4.310578181334443,BRAKE
W6_vector_01,71.15188172043011,1129.175338189386,1,10.645161290322582,-0.7999999999999806,25.0,-1496844.375818163,16.56710396590472,4.33991820886224,BRAKE
W6_vector_01,71.35349462365592,1131.305280957336,1,10.483870967741936,-0.7999999999999983,25.0,-1474237.0808297775,16.56710396590472,4.36881510504786,BRAKE
W6_vector_01,71.55510752688173,1133.4027055150884,1,10.322580645161292,-0.7999999999999894,25.0,-1451627.2431270995,16.56710396590472,4.397268820050912,BRAKE
W6_vector_01,71.75672043010752,1135.467611862643,1,10.161290322580646,-0.8000000000000547,25.0,-1429014.8778155476,16.56710396590472,4.425279304327089,BRAKE
W6_vector_01,71.95833333333334,1137.5,1,10.0,-0.7999999999999419,25.0,-1406399.9999998952,16.56710396590472,4.452846508628164,BRAKE
W6_vector_01,72.15994623655914,1139.4998699271591,1,9.838709677419356,-0.8000000000000458,25.0,-1383782.6247860903,16.56710396590472,4.4799703840019935,BRAKE
W6_vector_01,72.36155913978494,1141.4672216441209,1,9.67741935483871,-0.7999999999999983,25.0,-1361162.7672787053,16.56710396590472,4.506650881792514,BRAKE
W6_vector_01,72.56317204301075,1143.4020551508845,1,9.516129032258066,-0.7999999999999894,25.0,-1338540.4425833125,16.56710396590472,4.5328879536397455,BRAKE
W6_vector_01,72.76478494623656,1145.3043704474505,1,9.35483870967742,-0.7999999999999983,25.0,-1315915.665805106,16.56710396590472,4.558681551479788,BRAKE
W6_vector_01,72.96639784946237,1147.174167533819,1,9.193548387096774,-0.7999999999999983,25.0,-1293288.4520492738,16.56710396590472,4.584031627544822,BRAKE
W6_vector_01,73.16801075268818,1149.0114464099895,1,9.03225806451613,-0.7999999999999894,25.0,-1270658.8164210494,16.56710396590472,4.608938134363111,BRAKE
W6_vector_01,73.36962365591398,1150.8162070759627,1,8.870967741935484,-0.7999999999999983,25.0,-1248026.7740257098,16.56710396590472,4.633401024759,BRAKE
W6_vector_01,73.57123655913979,1152.5884495317378,1,8.709677419354836,-0.800000000000007,25.0,-1225392.3399684576,16.56710396590472,4.657420251852916,BRAKE
W6_vector_01,73.7728494623656,1154.3281737773152,1,8.548387096774196,-0.7999999999999718,25.0,-1202755.52935446,16.56710396590472,4.680995769061365,BRAKE
W6_vector_01,73.97446236559139,1156.035379812695,1,8.387096774193548,-0.8000000000000634,25.0,-1180116.3572892097,16.56710396590472,4.704127530096939,BRAKE
W6_vector_01,74.1760752688172,1157.7100676378773,1,8.225806451612904,-0.7999999999999894,25.0,-1157474.8388774977,16.56710396590472,4.726815488968306,BRAKE
W6_vector_01,74.37768817204301,1159.3522372528616,1,8.06451612903226,-0.7999999999999894,25.0,-1134830.9892249184,16.56710396590472,4.749059599980219,BRAKE
W6_vector_01,74.57930107526882,1160.9618886576482,1,7.903225806451612,-0.800000000000007,25.0,-1112184.8234366183,16.56710396590472,4.7708598177335135,BRAKE
W6_vector_01,74.78091397849462,1162.5390218522373,1,7.741935483870968,-0.7999999999999894,25.0,-1089536.3566177557,16.56710396590472,4.792216097125102,BRAKE
W6_vector_01,74.98252688172043,1164.0836368366286,1,7.580645161290324,-0.7999999999999894,25.0,-1066885.6038736387,16.56710396590472,4.813128393347984,BRAKE
W6_vector_01,75.18413978494624,1165.5957336108222,1,7.41935483870968,-0.7999999999999894,25.0,-1044232.5803094754,16.56710396590472,4.833596661891238,BRAKE
W6_vector_01,75.38575268817205,1167.075312174818,1,7.258064516129032,-0.800000000000007,25.0,-1021577.3010305219,16.56710396590472,4.853620858540022,BRAKE
W6_vector_01,75.58736559139786,1168.522372528616,1,7.096774193548388,-0.7999999999999894,25.0,-998919.781141942,16.56710396590472,4.873200939375577,BRAKE
W6_vector_01,75.78897849462365,1169.9369146722165,1,6.935483870967744,-0.8000000000000458,25.0,-976260.035749109,16.56710396590472,4.892336860775228,BRAKE
W6_vector_01,75.99059139784947,1171.3189386056192,1,6.774193548387096,-0.7999999999999506,25.0,-953598.0799569737,16.56710396590472,4.911028579412379,BRAKE
W6_vector_01,76.19220430107526,1172.668444328824,1,6.612903225806452,-0.8000000000000458,25.0,-930933.9288711902,16.56710396590472,4.929276052256515,BRAKE
W6_vector_01,76.39381720430107,1173.9854318418315,1,6.451612903225808,-0.7999999999999894,25.0,-908267.5975965774,16.56710396590472,4.947079236573204,BRAKE
W6_vector_01,76.59543010752688,1175.269901144641,1,6.29032258064516,-0.800000000000007,25.0,-885599.101238637,16.56710396590472,4.964438089924097,BRAKE
W6_vector_01,76.79704301075269,1176.521852237253,1,6.129032258064516,-0.7999999999999894,25.0,-862928.4549024756,16.56710396590472,4.981352570166921,BRAKE
W6_vector_01,76.9986559139785,1177.741285119667,1,5.967741935483872,-0.7999999999999894,25.0,-840255.673693386,16.56710396590472,4.997822635455489,BRAKE
W6_vector_01,77.2002688172043,1178.9281997918833,1,5.806451612903224,-0.800000000000007,25.0,-817580.7727165995,16.56710396590472,5.013848244239697,BRAKE
W6_vector_01,77.40188172043011,1180.082596253902,1,5.64516129032258,-0.7999999999999894,25.0,-794903.7670772943,16.56710396590472,5.029429355265518,BRAKE
W6_vector_01,77.60349462365592,1181.2044745057233,1,5.483870967741936,-0.7999999999999894,25.0,-772224.671880759,16.56710396590472,5.044565927575008,BRAKE
W6_vector_01,77.80510752688173,1182.2938345473465,1,5.322580645161292,-0.7999999999999894,25.0,-749543.5022322078,16.56710396590472,5.059257920506306,BRAKE
W6_vector_01,78.00672043010752,1183.350676378772,1,5.161290322580644,-0.8000000000000634,25.0,-726860.2732369424,16.56710396590472,5.073505293693634,BRAKE
W6_vector_01,78.20833333333334,1184.375,1,5.0,-0.799999999999933,25.0,-704174.9999999397,16.56710396590472,5.08730800706729,BRAKE
W6_vector_01,78.40994623655914,1185.3668054110303,1,4.838709677419356,-0.8000000000000458,25.0,-681487.69762684,16.56710396590472,5.100666020853657,BRAKE
W6_vector_01,78.61155913978494,1186.3260926118626,1,4.677419354838708,-0.800000000000007,25.0,-658798.3812225227,16.56710396590472,5.1135792955752,BRAKE
W6_vector_01,78.81317204301075,1187.2528616024974,1,4.516129032258064,-0.7999999999999894,25.0,-636107.0658923748,16.56710396590472,5.126047792050466,BRAKE
W6_vector_01,79.01478494623656,1188.1471123829344,1,4.35483870967742,-0.7999999999999894,25.0,-613413.7667416251,16.56710396590472,5.13807147139408,BRAKE
W6_vector_01,79.21639784946237,1189.0088449531738,1,4.193548387096772,-0.800000000000007,25.0,-590718.4988755044,16.56710396590472,5.149650295016752,BRAKE
W6_vector_01,79.41801075268818,1189.8380593132154,1,4.032258064516128,-0.7999999999999894,25.0,-568021.2773992067,16.56710396590472,5.160784224625271,BRAKE
W6_vector_01,79.61962365591398,1190.6347554630593,1,3.870967741935484,-0.7999999999999894,25.0,-545322.1174180048,16.56710396590472,5.17147322222251,BRAKE
W6_vector_01,79.82123655913978,1191.3989334027056,1,3.70967741935484,-0.8000000000000458,25.0,-522621.03403715603,16.56710396590472,5.181717250107423,BRAKE
W6_vector_01,80.0228494623656,1192.130593132154,1,3.548387096774192,-0.7999999999999506,25.0,-499918.04236175545,16.56710396590472,5.191516270875043,BRAKE
W6_vector_01,80.22446236559139,1192.8297346514048,1,3.387096774193548,-0.8000000000000458,25.0,-477213.15749725857,16.56710396590472,5.200870247416487,BRAKE
W6_vector_01,80.4260752688172,1193.4963579604578,1,3.225806451612904,-0.7999999999999894,25.0,-454506.3945486831,16.56710396590472,5.209779142918953,BRAKE
W6_vector_01,80.62768817204301,1194.1304630593131,1,3.0645161290322562,-0.800000000000007,25.0,-431797.7686213994,16.56710396590472,5.218242920865721,BRAKE
W6_vector_01,80.82930107526882,1194.7320499479708,1,2.9032258064516157,-0.7999999999999718,25.0,-409087.29482056905,16.56710396590472,5.2262615450361505,BRAKE
W6_vector_01,81.03091397849462,1195.3011186264307,1,2.741935483870968,-0.800000000000007,25.0,-386374.9882514889,16.56710396590472,5.233834979505686,BRAKE
W6_vector_01,81.23252688172043,1195.837669094693,1,2.5806451612903203,-0.800000000000007,25.0,-363660.86401933763,16.56710396590472,5.24096318864585,BRAKE
W6_vector_01,81.43413978494624,1196.3417013527576,1,2.4193548387096797,-0.7999999999999718,25.0,-340944.93722935265,16.56710396590472,5.247646137124248,BRAKE
W6_vector_01,81.63575268817205,1196.8132154006244,1,2.258064516129032,-0.800000000000007,25.0,-318227.22298681096,16.56710396590472,5.253883789904568,BRAKE
W6_vector_01,81.83736559139786,1197.2522112382935,1,2.0967741935483843,-0.800000000000007,25.0,-295507.73639690067,16.56710396590472,5.259676112246576,BRAKE
W6_vector_01,82.03897849462365,1197.6586888657648,1,1.9354838709677438,-0.8000000000000282,25.0,-272786.4925648787,16.56710396590472,5.2650230697061255,BRAKE
W6_vector_01,82.24059139784947,1198.0326482830385,1,1.774193548387096,-0.7999999999999506,25.0,-250063.50659593596,16.56710396590472,5.269924628135146,BRAKE
W6_vector_01,82.44220430107526,1198.3740894901143,1,1.612903225806452,-0.8000000000000458,25.0,-227338.79359539447,16.56710396590472,5.27438075368165,BRAKE
W6_vector_01,82.64381720430107,1198.6830124869928,1,1.4516129032258078,-0.7999999999999894,25.0,-204612.3686683872,16.56710396590472,5.278391412789734,BRAKE
W6_vector_01,82.84543010752688,1198.9594172736734,1,1.2903225806451601,-0.800000000000007,25.0,-181884.24692021232,16.56710396590472,5.281956572199572,BRAKE
W6_vector_01,83.04704301075269,1199.203303850156,1,1.129032258064516,-0.7999999999999894,25.0,-159154.44345607515,16.56710396590472,5.285076198947423,BRAKE
W6_vector_01,83.2486559139785,1199.4146722164412,1,0.9677419354838719,-0.7999999999999894,25.0,-136422.97338122077,16.56710396590472,5.287750260365626,BRAKE
W6_vector_01,83.4502688172043,1199.5935223725287,1,0.8064516129032278,-0.7999999999999894,25.0,-113689.8518008782,16.56710396590472,5.289978724082601,BRAKE
W6_vector_01,83.65188172043011,1199.7398543184183,1,0.6451612903225801,-0.800000000000007,25.0,-90955.09382028204,16.56710396590472,5.291761558022851,BRAKE
W6_vector_01,83.85349462365592,1199.8536680541101,1,0.48387096774193594,-0.7999999999999894,25.0,-68218.71454466028,16.56710396590472,5.2930987304069586,BRAKE
W6_vector_01,84.05510752688173,1199.9349635796045,1,0.3225806451612918,-0.7999999999999894,25.0,-45480.729079251716,16.56710396590472,5.29399020975159,BRAKE
W6_vector_01,84.25672043010752,1199.983740894901,1,0.16129032258064413,-0.8000000000000634,25.0,-22741.152529289066,16.56710396590472,5.294435964869493,BRAKE
W6_vector_01,84.45833333333334,1200.0,1,0.0,-0.799999999999933,25.0,-0.0,16.56710396590472,5.294435964869493,BRAKE
W6_vector_01,84.65833333333335,1200.0,1,0.0,0.0,25.0,0.0,16.56710396590472,5.294435964869493,DWELL
W6_vector_01,84.85833333333335,1200.0,1,0.0,0.0,25.0,0.0,16.56710396590472,5.294435964869493,DWELL
W6_vector_01,85.05833333333334,1200.0,1,0.0,0.0,25.0,0.0,16.56710396590472,5.294435964869493,DWELL
W6_vector_01,85.25833333333334,1200.0,1,0.0,0.0,25.0,0.0,16.56710396590472,5.294435964869493,DWELL
W6_vector_01,85.45833333333334,1200.0,1,0.0,0.0,25.0,0.0,16.56710396590472,5.294435964869493,DWELL
W6_vector_01,85.65833333333335,1200.0,1,0.0,0.0,25.0,0.0,16.56710396590472,5.294435964869493,DWELL
W6_vector_01,85.85833333333335,1200.0,1,0.0,0.0,25.0,0.0,16.56710396590472,5.294435964869493,DWELL
W6_vector_01,86.05833333333334,1200.0,1,0.0,0.0,25.0,0.0,16.56710396590472,5.294435964869493,DWELL
W6_vector_01,86.25833333333334,1200.0,1,0.0,0.0,25.0,0.0,16.56710396590472,5.294435964869493,DWELL
W6_vector_01,86.45833333333334,1200.0,1,0.0,0.0,25.0,0.0,16.56710396590472,5.294435964869493,DWELL
W6_vector_01,86.65833333333335,1200.0,1,0.0,0.0,25.0,0.0,16.56710396590472,5.294435964869493,DWELL
W6_vector_01,86.85833333333335,1200.0,1,0.0,0.0,25.0,0.0,16.56710396590472,5.294435964869493,DWELL
W6_vector_01,87.05833333333334,1200.0,1,0.0,0.0,25.0,0.0,16.56710396590472,5.294435964869493,DWELL
W6_vector_01,87.25833333333334,1200.0,1,0.0,0.0,25.0,0.0,16.56710396590472,5.294435964869493,DWELL
W6_vector_01,87.45833333333334,1200.0,1,0.0,0.0,25.0,0.0,16.56710396590472,5.294435964869493,DWELL
W6_vector_01,87.65833333333335,1200.0,1,0.0,0.0,25.0,0.0,16.56710396590472,5.294435964869493,DWELL
W6_vector_01,87.85833333333335,1200.0,1,0.0,0.0,25.0,0.0,16.56710396590472,5.294435964869493,DWELL
W6_vector_01,88.05833333333334,1200.0,1,0.0,0.0,25.0,0.0,16.56710396590472,5.294435964869493,DWELL
W6_vector_01,88.25833333333334,1200.0,1,0.0,0.0,25.0,0.0,16.56710396590472,5.294435964869493,DWELL
W6_vector_01,88.45833333333334,1200.0,1,0.0,0.0,25.0,0.0,16.56710396590472,5.294435964869493,DWELL
W6_vector_01,88.65833333333335,1200.0,1,0.0,0.0,25.0,0.0,16.56710396590472,5.294435964869493,DWELL
W6_vector_01,88.85833333333335,1200.0,1,0.0,0.0,25.0,0.0,16.56710396590472,5.294435964869493,DWELL
W6_vector_01,89.05833333333334,1200.0,1,0.0,0.0,25.0,0.0,16.56710396590472,5.294435964869493,DWELL
W6_vector_01,89.25833333333334,1200.0,1,0.0,0.0,25.0,0.0,16.56710396590472,5.294435964869493,DWELL
W6_vector_01,89.45833333333334,1200.0,1,0.0,0.0,25.0,0.0,16.56710396590472,5.294435964869493,DWELL
W6_vector_01,89.65833333333335,1200.0,1,0.0,0.0,25.0,0.0,16.56710396590472,5.294435964869493,DWELL
W6_vector_01,89.85833333333335,1200.0,1,0.0,0.0,25.0,0.0,16.56710396590472,5.294435964869493,DWELL
W6_vector_01,90.05833333333334,1200.0,1,0.0,0.0,25.0,0.0,16.56710396590472,5.294435964869493,DWELL
W6_vector_01,90.25833333333334,1200.0,1,0.0,0.0,25.0,0.0,16.56710396590472,5.294435964869493,DWELL
W6_vector_01,90.45833333333334,1200.0,1,0.0,0.0,25.0,0.0,16.56710396590472,5.294435964869493,DWELL
W6_vector_01,90.65833333333335,1200.0,1,0.0,0.0,25.0,0.0,16.56710396590472,5.294435964869493,DWELL
W6_vector_01,90.85833333333335,1200.0,1,0.0,0.0,25.0,0.0,16.56710396590472,5.294435964869493,DWELL
W6_vector_01,91.05833333333334,1200.0,1,0.0,0.0,25.0,0.0,16.56710396590472,5.294435964869493,DWELL
W6_vector_01,91.25833333333334,1200.0,1,0.0,0.0,25.0,0.0,16.56710396590472,5.294435964869493,DWELL
W6_vector_01,91.45833333333334,1200.0,1,0.0,0.0,25.0,0.0,16.56710396590472,5.294435964869493,DWELL
W6_vector_01,91.65833333333335,1200.0,1,0.0,0.0,25.0,0.0,16.56710396590472,5.294435964869493,DWELL
W6_vector_01,91.85833333333335,1200.0,1,0.0,0.0,25.0,0.0,16.56710396590472,5.294435964869493,DWELL
W6_vector_01,92.05833333333334,1200.0,1,0.0,0.0,25.0,0.0,16.56710396590472,5.294435964869493,DWELL
W6_vector_01,92.25833333333334,1200.0,1,0.0,0.0,25.0,0.0,16.56710396590472,5.294435964869493,DWELL
W6_vector_01,92.45833333333334,1200.0,1,0.0,0.0,25.0,0.0,16.56710396590472,5.294435964869493,DWELL
W6_vector_01,92.65833333333335,1200.0,1,0.0,0.0,25.0,0.0,16.56710396590472,5.294435964869493,DWELL
W6_vector_01,92.85833333333335,1200.0,1,0.0,0.0,25.0,0.0,16.56710396590472,5.294435964869493,DWELL
W6_vector_01,93.05833333333334,1200.0,1,0.0,0.0,25.0,0.0,16.56710396590472,5.294435964869493,DWELL
W6_vector_01,93.25833333333334,1200.0,1,0.0,0.0,25.0,0.0,16.56710396590472,5.294435964869493,DWELL
W6_vector_01,93.45833333333334,1200.0,1,0.0,0.0,25.0,0.0,16.56710396590472,5.294435964869493,DWELL
W6_vector_01,93.65833333333335,1200.0,1,0.0,0.0,25.0,0.0,16.56710396590472,5.294435964869493,DWELL
W6_vector_01,93.85833333333335,1200.0,1,0.0,0.0,25.0,0.0,16.56710396590472,5.294435964869493,DWELL
W6_vector_01,94.05833333333334,1200.0,1,0.0,0.0,25.0,0.0,16.56710396590472,5.294435964869493,DWELL
W6_vector_01,94.25833333333334,1200.0,1,0.0,0.0,25.0,0.0,16.56710396590472,5.294435964869493,DWELL
W6_vector_01,94.45833333333334,1200.0,1,0.0,0.0,25.0,0.0,16.56710396590472,5.294435964869493,DWELL
W6_vector_01,94.65833333333335,1200.0,1,0.0,0.0,25.0,0.0,16.56710396590472,5.294435964869493,DWELL
W6_vector_01,94.85833333333335,1200.0,1,0.0,0.0,25.0,0.0,16.56710396590472,5.294435964869493,DWELL
W6_vector_01,95.05833333333334,1200.0,1,0.0,0.0,25.0,0.0,16.56710396590472,5.294435964869493,DWELL
W6_vector_01,95.25833333333334,1200.0,1,0.0,0.0,25.0,0.0,16.56710396590472,5.294435964869493,DWELL
W6_vector_01,95.45833333333334,1200.0,1,0.0,0.0,25.0,0.0,16.56710396590472,5.294435964869493,DWELL
W6_vector_01,95.65833333333335,1200.0,1,0.0,0.0,25.0,0.0,16.56710396590472,5.294435964869493,DWELL
W6_vector_01,95.85833333333335,1200.0,1,0.0,0.0,25.0,0.0,16.56710396590472,5.294435964869493,DWELL
W6_vector_01,96.05833333333334,1200.0,1,0.0,0.0,25.0,0.0,16.56710396590472,5.294435964869493,DWELL
W6_vector_01,96.25833333333334,1200.0,1,0.0,0.0,25.0,0.0,16.56710396590472,5.294435964869493,DWELL
W6_vector_01,96.45833333333334,1200.0,1,0.0,0.0,25.0,0.0,16.56710396590472,5.294435964869493,DWELL
W6_vector_01,96.65833333333335,1200.0,1,0.0,0.0,25.0,0.0,16.56710396590472,5.294435964869493,DWELL
W6_vector_01,96.85833333333335,1200.0,1,0.0,0.0,25.0,0.0,16.56710396590472,5.294435964869493,DWELL
W6_vector_01,97.05833333333334,1200.0,1,0.0,0.0,25.0,0.0,16.56710396590472,5.294435964869493,DWELL
W6_vector_01,97.25833333333334,1200.0,1,0.0,0.0,25.0,0.0,16.56710396590472,5.294435964869493,DWELL
W6_vector_01,97.45833333333334,1200.0,1,0.0,0.0,25.0,0.0,16.56710396590472,5.294435964869493,DWELL
W6_vector_01,97.65833333333335,1200.0,1,0.0,0.0,25.0,0.0,16.56710396590472,5.294435964869493,DWELL
W6_vector_01,97.85833333333335,1200.0,1,0.0,0.0,25.0,0.0,16.56710396590472,5.294435964869493,DWELL
W6_vector_01,98.05833333333334,1200.0,1,0.0,0.0,25.0,0.0,16.56710396590472,5.294435964869493,DWELL
W6_vector_01,98.25833333333334,1200.0,1,0.0,0.0,25.0,0.0,16.56710396590472,5.294435964869493,DWELL
W6_vector_01,98.45833333333334,1200.0,1,0.0,0.0,25.0,0.0,16.56710396590472,5.294435964869493,DWELL
W6_vector_01,98.65833333333335,1200.0,1,0.0,0.0,25.0,0.0,16.56710396590472,5.294435964869493,DWELL
W6_vector_01,98.85833333333335,1200.0,1,0.0,0.0,25.0,0.0,16.56710396590472,5.294435964869493,DWELL
W6_vector_01,99.05833333333334,1200.0,1,0.0,0.0,25.0,0.0,16.56710396590472,5.294435964869493,DWELL
W6_vector_01,99.25833333333334,1200.0,1,0.0,0.0,25.0,0.0,16.56710396590472,5.294435964869493,DWELL
W6_vector_01,99.45833333333334,1200.0,1,0.0,0.0,25.0,0.0,16.56710396590472,5.294435964869493,DWELL
W6_vector_01,99.65833333333335,1200.0,1,0.0,0.0,25.0,0.0,16.56710396590472,5.294435964869493,DWELL
W6_vector_01,99.85833333333335,1200.0,1,0.0,0.0,25.0,0.0,16.56710396590472,5.294435964869493,DWELL
W6_vector_01,100.05833333333334,1200.0,1,0.0,0.0,25.0,0.0,16.56710396590472,5.294435964869493,DWELL
W6_vector_01,100.25833333333334,1200.0,1,0.0,0.0,25.0,0.0,16.56710396590472,5.294435964869493,DWELL
W6_vector_01,100.45833333333334,1200.0,1,0.0,0.0,25.0,0.0,16.56710396590472,5.294435964869493,DWELL
W6_vector_01,100.65833333333335,1200.0,1,0.0,0.0,25.0,0.0,16.56710396590472,5.294435964869493,DWELL
W6_vector_01,100.85833333333335,1200.0,1,0.0,0.0,25.0,0.0,16.56710396590472,5.294435964869493,DWELL
W6_vector_01,101.05833333333334,1200.0,1,0.0,0.0,25.0,0.0,16.56710396590472,5.294435964869493,DWELL
W6_vector_01,101.25833333333334,1200.0,1,0.0,0.0,25.0,0.0,16.56710396590472,5.294435964869493,DWELL
W6_vector_01,101.45833333333334,1200.0,1,0.0,0.0,25.0,0.0,16.56710396590472,5.294435964869493,DWELL
W6_vector_01,101.65833333333335,1200.0,1,0.0,0.0,25.0,0.0,16.56710396590472,5.294435964869493,DWELL
W6_vector_01,101.85833333333335,1200.0,1,0.0,0.0,25.0,0.0,16.56710396590472,5.294435964869493,DWELL
W6_vector_01,102.05833333333334,1200.0,1,0.0,0.0,25.0,0.0,16.56710396590472,5.294435964869493,DWELL
W6_vector_01,102.25833333333334,1200.0,1,0.0,0.0,25.0,0.0,16.56710396590472,5.294435964869493,DWELL
W6_vector_01,102.45833333333334,1200.0,1,0.0,0.0,25.0,0.0,16.56710396590472,5.294435964869493,DWELL
W6_vector_01,102.65833333333335,1200.0,1,0.0,0.0,25.0,0.0,16.56710396590472,5.294435964869493,DWELL
W6_vector_01,102.85833333333335,1200.0,1,0.0,0.0,25.0,0.0,16.56710396590472,5.294435964869493,DWELL
W6_vector_01,103.05833333333334,1200.0,1,0.0,0.0,25.0,0.0,16.56710396590472,5.294435964869493,DWELL
W6_vector_01,103.25833333333334,1200.0,1,0.0,0.0,25.0,0.0,16.56710396590472,5.294435964869493,DWELL
W6_vector_01,103.45833333333334,1200.0,1,0.0,0.0,25.0,0.0,16.56710396590472,5.294435964869493,DWELL
W6_vector_01,103.65833333333335,1200.0,1,0.0,0.0,25.0,0.0,16.56710396590472,5.294435964869493,DWELL
W6_vector_01,103.85833333333335,1200.0,1,0.0,0.0,25.0,0.0,16.56710396590472,5.294435964869493,DWELL
W6_vector_01,104.05833333333334,1200.0,1,0.0,0.0,25.0,0.0,16.56710396590472,5.294435964869493,DWELL
W6_vector_01,104.25833333333334,1200.0,1,0.0,0.0,25.0,0.0,16.56710396590472,5.294435964869493,DWELL
W6_vector_01,104.45833333333334,1200.0,1,0.0,0.0,25.0,0.0,16.56710396590472,5.294435964869493,DWELL
W6_vector_01,104.45833333333334,1200.0,2,0.0,-0.0,22.0,0.0,0.0,-0.0,ACCEL
W6_vector_01,104.65869763205829,1200.0120437556611,2,0.12021857923497269,0.6,22.0,13344.696912761667,0.0007427224551729128,-0.0,ACCEL
W6_vector_01,104.85906193078326,1200.0481750226443,2,0.24043715846994537,0.6,22.0,26690.26723078633,0.0022282159764169056,-0.0,ACCEL
W6_vector_01,105.0594262295082,1200.1083938009497,2,0.36065573770491804,0.6000000000000001,22.0,40036.71720892939,0.004456529522754751,-0.0,ACCEL
W6_vector_01,105.25979052823315,1200.192700090577,2,0.48087431693989074,0.5999999999999999,22.0,53384.05310204622,0.007427712401334457,-0.0,ACCEL
W6_vector_01,105.46015482695812,1200.3010938915265,2,0.6010928961748635,0.6000000000000002,22.0,66732.2811649923,0.011141814267429115,-0.0,ACCEL
W6_vector_01,105.66051912568307,1200.4335752037982,2,0.7213114754098361,0.6,22.0,80081.4076526229,0.015598885124435939,-0.0,ACCEL
W6_vector_01,105.86088342440803,1200.5901440273922,2,0.8415300546448088,0.5999999999999999,22.0,93431.4388197935,0.02079897532387823,-0.0,ACCEL
W6_vector_01,106.06124772313298,1200.770800362308,2,0.9617486338797815,0.5999999999999999,22.0,106782.38092135952,0.02674213556540284,-0.0,ACCEL
W6_vector_01,106.26161202185793,1200.9755442085461,2,1.0819672131147542,0.5999999999999999,22.0,120134.24021217632,0.03342841689678265,-0.0,ACCEL
W6_vector_01,106.46197632058289,1201.2043755661064,2,1.202185792349727,0.6000000000000004,22.0,133487.02294709944,0.04085787071391562,-0.0,ACCEL
W6_vector_01,106.66234061930784,1201.4572944349886,2,1.3224043715846996,0.5999999999999993,22.0,146840.73538098377,0.04903054876082302,-0.0,ACCEL
W6_vector_01,106.86270491803279,1201.7343008151931,2,1.4426229508196722,0.6000000000000006,22.0,160195.38376868566,0.05794650312965269,-0.0,ACCEL
W6_vector_01,107.06306921675775,1202.0353947067197,2,1.5628415300546448,0.5999999999999993,22.0,173550.97436505923,0.06760578626067747,-0.0,ACCEL
W6_vector_01,107.2634335154827,1202.3605761095682,2,1.6830601092896176,0.6000000000000004,22.0,186907.5134249613,0.07800845094229313,-0.0,ACCEL
W6_vector_01,107.46379781420767,1202.709845023739,2,1.8032786885245902,0.5999999999999993,22.0,200265.00720324586,0.08915455031102316,-0.0,ACCEL
W6_vector_01,107.66416211293262,1203.083201449232,2,1.923497267759563,0.6000000000000004,22.0,213623.46195476974,0.10104413785151296,-0.0,ACCEL
W6_vector_01,107.86452641165756,1203.4806453860472,2,2.0437158469945356,0.5999999999999993,22.0,226982.88393438683,0.11367726739653518,-0.0,ACCEL
W6_vector_01,108.06489071038253,1203.9021768341843,2,2.1639344262295084,0.6000000000000004,22.0,240343.2793969541,0.12705399312698756,-0.0,ACCEL
W6_vector_01,108.26525500910748,1204.3477957936436,2,2.284153005464481,0.6000000000000004,22.0,253704.65459732577,0.14117436957188997,-0.0,ACCEL
W6_vector_01,108.46561930783243,1204.8175022644252,2,2.404371584699454,0.6000000000000004,22.0,267067.0157903576,0.15603845160838997,-0.0,ACCEL
W6_vector_01,108.66598360655739,1205.3112962465286,2,2.5245901639344264,0.5999999999999982,22.0,280430.36923090403,0.17164629446176013,-0.0,ACCEL
W6_vector_01,108.86634790528234,1205.8291777399545,2,2.644808743169399,0.6000000000000004,22.0,293794.72117382335,0.18799795370539488,-0.0,ACCEL
W6_vector_01,109.0667122040073,1206.3711467447022,2,2.765027322404372,0.6000000000000004,22.0,307160.07787396817,0.2050934852608179,-0.0,ACCEL
W6_vector_01,109.26707650273225,1206.937203260772,2,2.8852459016393444,0.6000000000000009,22.0,320526.4455861949,0.22293294539767305,-0.0,ACCEL
W6_vector_01,109.4674408014572,1207.5273472881643,2,3.0054644808743167,0.5999999999999982,22.0,333893.8305653572,0.2415163907337327,-0.0,ACCEL
W6_vector_01,109.66780510018216,1208.1415788268785,2,3.1256830601092895,0.6000000000000004,22.0,347262.23906631465,0.2608438782348946,-0.0,ACCEL
W6_vector_01,109.86816939890711,1208.779897876915,2,3.2459016393442623,0.6000000000000004,22.0,360631.6773439189,0.28091546521517696,-0.0,ACCEL
W6_vector_01,110.06853369763206,1209.4423044382734,2,3.366120218579235,0.6000000000000004,22.0,374002.1516530265,0.30173120933672715,-0.0,ACCEL
W6_vector_01,110.26889799635703,1210.1287985109539,2,3.486338797814208,0.6000000000000004,22.0,387373.66824849293,0.3232911686098177,-0.0,ACCEL
W6_vector_01,110.46926229508198,1210.8393800949566,2,3.6065573770491803,0.5999999999999982,22.0,400746.23338517203,0.3455954013928413,-0.0,ACCEL
W6_vector_01,110.66962659380692,1211.5740491902814,2,3.726775956284153,0.6000000000000004,22.0,414119.8533179236,0.36864396639232033,-0.0,ACCEL
W6_vector_01,110.86999089253189,1212.3328057969284,2,3.846994535519126,0.6000000000000004,22.0,427494.53430159873,0.3924369226629022,-0.0,ACCEL
W6_vector_01,111.07035519125684,1213.1156499148974,2,3.9672131147540988,0.6000000000000004,22.0,440870.2825910542,0.4169743296073541,-0.0,ACCEL
W6_vector_01,111.2707194899818,1213.9225815441887,2,4.087431693989071,0.5999999999999982,22.0,454247.1044411438,0.4422562469765749,-0.0,ACCEL
W6_vector_01,111.47108378870675,1214.753600684802,2,4.207650273224044,0.6000000000000026,22.0,467625.00610672956,0.46828273486958183,-0.0,ACCEL
W6_vector_01,111.6714480874317,1215.6087073367376,2,4.327868852459017,0.5999999999999982,22.0,481003.9938426551,0.4950538537335217,-0.0,ACCEL
W6_vector_01,111.87181238615666,1216.4879014999951,2,4.448087431693989,0.5999999999999982,22.0,494384.07390378596,0.5225696643636668,-0.0,ACCEL
W6_vector_01,112.07217668488161,1217.3911831745747,2,4.568306010928962,0.6000000000000026,22.0,507765.2525449779,0.5508302279034089,-0.0,ACCEL
W6_vector_01,112.27254098360658,1218.3185523604766,2,4.688524590163935,0.5999999999999982,22.0,521147.5360210752,0.5798356058442714,-0.0,ACCEL
W6_vector_01,112.47290528233152,1219.2700090577005,2,4.808743169398908,0.6000000000000026,22.0,534530.9305869483,0.6095858600258959,-0.0,ACCEL
W6_vector_01,112.67326958105647,1220.2455532662466,2,4.92896174863388,0.5999999999999982,22.0,547915.4424974371,0.6400810526360541,-0.0,ACCEL
W6_vector_01,112.87363387978144,1221.245184986115,2,5.049180327868853,0.5999999999999982,22.0,561301.0780074087,0.671321246210643,-0.0,ACCEL
W6_vector_01,113.07399817850639,1222.2689042173051,2,5.169398907103826,0.6000000000000026,22.0,574687.843371719,0.7033065036336785,-0.0,ACCEL
W6_vector_01,113.27436247723134,1223.3167109598176,2,5.289617486338798,0.5999999999999982,22.0,588075.7448452106,0.7360368881373072,-0.0,ACCEL
W6_vector_01,113.4747267759563,1224.3886052136522,2,5.409836065573772,0.6000000000000026,22.0,601464.7886827559,0.7695124633018011,-0.0,ACCEL
W6_vector_01,113.67509107468125,1225.484586978809,2,5.530054644808744,0.5999999999999982,22.0,614854.981139193,0.8037332930555501,-0.0,ACCEL
W6_vector_01,113.8754553734062,1226.6046562552879,2,5.650273224043716,0.5999999999999982,22.0,628246.3284693905,0.838699441675076,-0.0,ACCEL
W6_vector_01,114.07581967213116,1227.7488130430888,2,5.770491803278689,0.6000000000000035,22.0,641638.8369282047,0.8744109737850263,-0.0,ACCEL
W6_vector_01,114.27618397085611,1228.9170573422118,2,5.890710382513661,0.5999999999999982,22.0,655032.5127704748,0.9108679543581645,-0.0,ACCEL
W6_vector_01,114.47654826958106,1230.109389152657,2,6.0109289617486334,0.5999999999999982,22.0,668427.3622510724,0.9480704487153877,-0.0,ACCEL
W6_vector_01,114.67691256830602,1231.3258084744245,2,6.131147540983607,0.6000000000000026,22.0,681823.3916248525,0.9860185225257182,-0.0,ACCEL
W6_vector_01,114.87727686703097,1232.5663153075138,2,6.251366120218579,0.5999999999999982,22.0,695220.6071466559,1.024712241806294,-0.0,ACCEL
W6_vector_01,115.07764116575594,1233.8309096519256,2,6.371584699453552,0.6000000000000026,22.0,708619.0150713575,1.0641516729223903,-0.0,ACCEL
W6_vector_01,115.27800546448088,1235.1195915076592,2,6.491803278688525,0.5999999999999982,22.0,722018.6216537927,1.104336882587395,-0.0,ACCEL
W6_vector_01,115.47836976320583,1236.4323608747152,2,6.612021857923497,0.5999999999999982,22.0,735419.4331488322,1.1452679378628297,-0.0,ACCEL
W6_vector_01,115.6787340619308,1237.769217753093,2,6.73224043715847,0.6000000000000026,22.0,748821.4558113316,1.186944906158342,-0.0,ACCEL
W6_vector_01,115.87909836065575,1239.130162142793,2,6.852459016393443,0.5999999999999982,22.0,762224.6958961302,1.2293678552316936,-0.0,ACCEL
W6_vector_01,116.07946265938071,1240.5151940438154,2,6.972677595628416,0.6000000000000026,22.0,775629.159658105,1.2725368531887848,-0.0,ACCEL
W6_vector_01,116.27982695810566,1241.9243134561598,2,7.092896174863388,0.5999999999999982,22.0,789034.8533520893,1.3164519684836278,-0.0,ACCEL
W6_vector_01,116.48019125683061,1243.3575203798262,2,7.213114754098361,0.5999999999999982,22.0,802441.7832329555,1.3611132699183692,-0.0,ACCEL
W6_vector_01,116.68055555555557,1244.8148148148148,2,7.333333333333334,0.6000000000000026,22.0,815849.9555555591,1.4065208266432812,-0.0,ACCEL
W6_vector_01,116.88091985428052,1246.2961967611257,2,7.453551912568306,0.5999999999999982,22.0,829259.3765747378,1.4526747081567495,-0.0,ACCEL
W6_vector_01,117.08128415300547,1247.8016662187583,2,7.573770491803279,0.5999999999999982,22.0,842670.0525453648,1.4995749843052961,-0.0,ACCEL
W6_vector_01,117.28164845173043,1249.3312231877135,2,7.693989071038252,0.6000000000000026,22.0,856081.9897222957,1.547221725283568,-0.0,ACCEL
W6_vector_01,117.48201275045538,1250.8848676679904,2,7.814207650273224,0.5999999999999982,22.0,869495.1943603674,1.595615001634326,-0.0,ACCEL
W6_vector_01,117.68237704918033,1252.4625996595896,2,7.9344262295081975,0.6000000000000026,22.0,882909.6727144602,1.644754884248467,-0.0,ACCEL
W6_vector_01,117.8827413479053,1254.064419162511,2,8.05464480874317,0.5999999999999982,22.0,896325.4310394041,1.6946414443650117,-0.0,ACCEL
W6_vector_01,118.08310564663024,1255.6903261767545,2,8.174863387978142,0.5999999999999982,22.0,909742.4755900736,1.7452747535710962,-0.0,ACCEL
W6_vector_01,118.28346994535521,1257.3403207023202,2,8.295081967213115,0.5999999999999982,22.0,923160.812621318,1.7966548838019956,-0.0,ACCEL
W6_vector_01,118.48383424408016,1259.014402739208,2,8.415300546448089,0.6000000000000071,22.0,936580.4483880062,1.8487819073410958,-0.0,ACCEL
W6_vector_01,118.6841985428051,1260.7125722874177,2,8.535519125683061,0.5999999999999982,22.0,950001.3891449528,1.9016558968199169,-0.0,ACCEL
W6_vector_01,118.88456284153007,1262.4348293469498,2,8.655737704918034,0.5999999999999982,22.0,963423.6411470537,1.955276925218106,-0.0,ACCEL
W6_vector_01,119.08492714025502,1264.1811739178038,2,8.775956284153006,0.5999999999999982,22.0,976847.2106491509,2.0096450658634226,-0.0,ACCEL
W6_vector_01,119.28529143897998,1265.95160599998,2,8.896174863387978,0.5999999999999982,22.0,990272.1039060999,2.064760392431767,-0.0,ACCEL
W6_vector_01,119.48565573770493,1267.7461255934784,2,9.016393442622952,0.6000000000000071,22.0,1003698.3271727707,2.120622978947149,-0.0,ACCEL
W6_vector_01,119.68602003642988,1269.564732698299,2,9.136612021857925,0.5999999999999982,22.0,1017125.8867039749,2.177232899781714,-0.0,ACCEL
W6_vector_01,119.88638433515484,1271.4074273144415,2,9.256830601092897,0.5999999999999982,22.0,1030554.7887546115,2.234590229655734,-0.0,ACCEL
W6_vector_01,120.0867486338798,1273.2742094419064,2,9.37704918032787,0.5999999999999982,22.0,1043985.0395795213,2.292695043637592,-0.0,ACCEL
W6_vector_01,120.28711293260474,1275.1650790806932,2,9.497267759562842,0.5999999999999982,22.0,1057416.64543356,2.3515474171438093,-0.0,ACCEL
W6_vector_01,120.4874772313297,1277.080036230802,2,9.617486338797816,0.6000000000000071,22.0,1070849.6125715983,2.4111474259390335,-0.0,ACCEL
W6_vector_01,120.68784153005465,1279.0190808922332,2,9.737704918032787,0.5999999999999946,22.0,1084283.9472484388,2.4714951461360206,-0.0,ACCEL
W6_vector_01,120.8882058287796,1280.9822130649866,2,9.85792349726776,0.6000000000000018,22.0,1097719.6557190085,2.532590654195668,-0.0,ACCEL
W6_vector_01,121.08857012750457,1282.969432749062,2,9.978142076502733,0.6000000000000035,22.0,1111156.7442381193,2.594434026926997,-0.0,ACCEL
W6_vector_01,121.28893442622952,1284.9807399444594,2,10.098360655737705,0.5999999999999929,22.0,1124595.2190606133,2.657025341487139,-0.0,ACCEL
W6_vector_01,121.48929872495447,1287.016134651179,2,10.218579234972678,0.6000000000000035,22.0,1138035.0864414072,2.7203646753813664,-0.0,ACCEL
W6_vector_01,121.68966302367943,1289.0756168692208,2,10.338797814207652,0.6000000000000018,22.0,1151476.3526352951,2.7844521064630747,-0.0,ACCEL
W6_vector_01,121.89002732240438,1291.1591865985847,2,10.459016393442623,0.5999999999999946,22.0,1164919.0238971442,2.8492877129337697,-0.0,ACCEL
W6_vector_01,122.09039162112934,1293.2668438392707,2,10.579234972677597,0.6000000000000018,22.0,1178363.106481848,2.9148715733431048,-0.0,ACCEL
W6_vector_01,122.29075591985429,1295.3985885912787,2,10.699453551912569,0.6000000000000035,22.0,1191808.6066442244,2.9812037665888353,-0.0,ACCEL
W6_vector_01,122.49112021857925,1297.554420854609,2,10.819672131147543,0.6000000000000018,22.0,1205255.530639132,3.048284371916861,-0.0,ACCEL
W6_vector_01,122.6914845173042,1299.7343406292614,2,10.939890710382514,0.5999999999999946,22.0,1218703.8847214223,3.116113468921189,-0.0,ACCEL
W6_vector_01,122.89184881602915,1301.938347915236,2,11.060109289617488,0.6000000000000018,22.0,1232153.67514599,3.1846911375439655,-0.0,ACCEL
W6_vector_01,123.09221311475412,1304.1664427125324,2,11.18032786885246,0.6000000000000035,22.0,1245604.9081676514,3.254017458075461,-0.0,ACCEL
W6_vector_01,123.29257741347907,1306.4186250211512,2,11.300546448087433,0.5999999999999929,22.0,1259057.590041247,3.3240925111540554,-0.0,ACCEL
W6_vector_01,123.49294171220401,1308.694894841092,2,11.420765027322405,0.6000000000000035,22.0,1272511.7270217012,3.394916377766271,-0.0,ACCEL
W6_vector_01,123.69330601092898,1310.995252172355,2,11.540983606557377,0.6000000000000035,22.0,1285967.3253638044,3.4664891392467534,-0.0,ACCEL
W6_vector_01,123.89367030965393,1313.3196970149402,2,11.66120218579235,0.5999999999999929,22.0,1299424.3913224111,3.5388108772782556,-0.0,ACCEL
W6_vector_01,124.09403460837888,1315.6682293688475,2,11.781420765027322,0.6000000000000035,22.0,1312882.9311524436,3.6118816738916766,-0.0,ACCEL
W6_vector_01,124.29439890710384,1318.0408492340769,2,11.901639344262296,0.6000000000000018,22.0,1326342.951108687,3.685701611466035,-0.0,ACCEL
W6_vector_01,124.49476320582879,1320.4375566106285,2,12.021857923497267,0.5999999999999946,22.0,1339804.4574460106,3.7602707727284606,-0.0,ACCEL
W6_vector_01,124.69512750455374,1322.858351498502,2,12.142076502732241,0.6000000000000018,22.0,1353267.4564193126,3.835589240754225,-0.0,ACCEL
W6_vector_01,124.8954918032787,1325.3032338976977,2,12.262295081967213,0.6000000000000035,22.0,1366731.954283406,3.911657098966723,-0.0,ACCEL
W6_vector_01,125.09585610200365,1327.7722038082156,2,12.382513661202188,0.6000000000000018,22.0,1380197.95729315,3.988474431137459,-0.0,ACCEL
W6_vector_01,125.2962204007286,1330.2652612300556,2,12.502732240437158,0.5999999999999946,22.0,1393665.4717033952,4.066041321386078,-0.0,ACCEL
W6_vector_01,125.49658469945356,1332.7824061632177,2,12.622950819672132,0.6000000000000018,22.0,1407134.5037690422,4.144357854180351,-0.0,ACCEL
W6_vector_01,125.69694899817851,1335.323638607702,2,12.743169398907105,0.6000000000000035,22.0,1420605.0597449013,4.223424114336157,-0.0,ACCEL
W6_vector_01,125.89731329690348,1337.8889585635084,2,12.863387978142077,0.5999999999999929,22.0,1434077.1458858117,4.30324018701752,-0.0,ACCEL
W6_vector_01,126.09767759562843,1340.4783660306368,2,12.98360655737705,0.6000000000000035,22.0,1447550.7684467065,4.383806157736572,-0.0,ACCEL
W6_vector_01,126.29804189435339,1343.0918610090876,2,13.103825136612024,0.6000000000000018,22.0,1461025.9336823635,4.465122112353586,-0.0,ACCEL
W6_vector_01,126.49840619307834,1345.7294434988603,2,13.224043715846994,0.5999999999999946,22.0,1474502.6478476534,4.547188137076941,-0.0,ACCEL
W6_vector_01,126.69877049180329,1348.3911134999553,2,13.344262295081968,0.6000000000000018,22.0,1487980.917197479,4.630004318463158,-0.0,ACCEL
W6_vector_01,126.89913479052825,1351.0768710123723,2,13.46448087431694,0.6000000000000035,22.0,1501460.747986649,4.713570743416881,-0.0,ACCEL
W6_vector_01,127.0994990892532,1353.7867160361113,2,13.584699453551915,0.6000000000000018,22.0,1514942.1464700224,4.797887499190863,-0.0,ACCEL
W6_vector_01,127.29986338797815,1356.5206485711726,2,13.704918032786885,0.5999999999999946,22.0,1528425.1189024502,4.882954673385997,-0.0,ACCEL
W6_vector_01,127.50022768670311,1359.2786686175561,2,13.82513661202186,0.6000000000000018,22.0,1541909.6715388363,4.968772353951308,-0.0,ACCEL
W6_vector_01,127.70059198542806,1362.0607761752615,2,13.945355191256832,0.6000000000000035,22.0,1555395.810633988,5.05534062918392,-0.0,ACCEL
W6_vector_01,127.90095628415301,1364.8669712442893,2,14.065573770491804,0.5999999999999929,22.0,1568883.5424427416,5.142659587729101,-0.0,ACCEL
W6_vector_01,128.10132058287797,1367.697253824639,2,14.185792349726777,0.6000000000000035,22.0,1582372.8732200388,5.23072931858025,-0.0,ACCEL
W6_vector_01,128.30168488160294,1370.5516239163107,2,14.30601092896175,0.6000000000000018,22.0,1595863.8092206493,5.319549911078874,-0.0,ACCEL
W6_vector_01,128.50204918032787,1373.4300815193048,2,14.426229508196721,0.5999999999999946,22.0,1609356.3566994455,5.4091214549145965,-0.0,ACCEL
W6_vector_01,128.70241347905284,1376.332626633621,2,14.546448087431695,0.6000000000000018,22.0,1622850.5219113347,5.499444040125209,-0.0,ACCEL
W6_vector_01,128.9027777777778,1379.2592592592594,2,14.666666666666668,0.6000000000000035,22.0,1636346.3111111205,5.5905177570965865,-0.0,ACCEL
W6_vector_01,129.10314207650273,1382.2099793962198,2,14.78688524590164,0.5999999999999929,22.0,1649843.7305536398,5.682342696562728,-0.0,ACCEL
W6_vector_01,129.3035063752277,1385.1847870445022,2,14.907103825136613,0.6000000000000035,22.0,1663342.7864938376,5.7749189496058015,-0.0,ACCEL
W6_vector_01,129.50387067395266,1388.1836822041068,2,15.027322404371587,0.6000000000000018,22.0,1676843.4851864793,5.868246607656055,-0.0,ACCEL
W6_vector_01,129.7042349726776,1391.2066648750335,2,15.147540983606557,0.5999999999999946,22.0,1690345.8328864384,5.962325762491863,-0.0,ACCEL
W6_vector_01,129.90459927140256,1394.2537350572825,2,15.267759562841531,0.6000000000000018,22.0,1703849.8358486248,6.057156506239767,-0.0,ACCEL
W6_vector_01,130.10496357012752,1397.3248927508535,2,15.387978142076504,0.6000000000000035,22.0,1717355.5003278397,6.152738931374391,-0.0,ACCEL
W6_vector_01,130.30532786885246,1400.4201379557467,2,15.508196721311474,0.5999999999999946,22.0,1730862.8325789233,6.249073130718483,-0.0,ACCEL
W6_vector_01,130.50569216757742,1403.539470671962,2,15.628415300546449,0.6000000000000018,22.0,1744371.838856806,6.346159197442961,-0.0,ACCEL
W6_vector_01,130.70605646630239,1406.6828908994994,2,15.748633879781421,0.6000000000000035,22.0,1757882.5254162834,6.4439972250668225,-0.0,ACCEL
W6_vector_01,130.90642076502735,1409.850398638359,2,15.868852459016395,0.6000000000000018,22.0,1771394.8985122156,6.542587307457206,-0.0,ACCEL
W6_vector_01,131.10678506375228,1413.0419938885404,2,15.989071038251366,0.5999999999999946,22.0,1784908.9643994523,6.641929538829357,-0.0,ACCEL
W6_vector_01,131.30714936247725,1416.2576766500442,2,16.10928961748634,0.6000000000000018,22.0,1798424.729332906,6.742024013746696,-0.0,ACCEL
W6_vector_01,131.5075136612022,1419.4974469228703,2,16.229508196721312,0.6000000000000035,22.0,1811942.199567375,6.842870827120719,-0.0,ACCEL
W6_vector_01,131.70787795992715,1422.7613047070183,2,16.349726775956285,0.5999999999999929,22.0,1825461.3813576943,6.944470074211049,-0.0,ACCEL
W6_vector_01,131.9082422586521,1426.0492500024884,2,16.469945355191257,0.6000000000000035,22.0,1838982.2809588183,7.046821850625478,-0.0,ACCEL
W6_vector_01,132.10860655737707,1429.3612828092807,2,16.59016393442623,0.5999999999999929,22.0,1852504.904625476,7.149926252319878,-0.0,ACCEL
W6_vector_01,132.308970856102,1432.697403127395,2,16.7103825136612,0.6000000000000035,22.0,1866029.2586126502,7.253783375598248,-0.0,ACCEL
W6_vector_01,132.50933515482697,1436.0576109568317,2,16.830601092896178,0.6000000000000106,22.0,1879555.3491751226,7.358393317112756,-0.0,ACCEL
W6_vector_01,132.70969945355193,1439.4419062975903,2,16.950819672131146,0.5999999999999858,22.0,1893083.1825676605,7.463756173863643,-0.0,ACCEL
W6_vector_01,132.91006375227687,1442.850289149671,2,17.071038251366122,0.6000000000000106,22.0,1906612.7650453697,7.569872043199289,-0.0,ACCEL
W6_vector_01,133.11042805100183,1446.2827595130739,2,17.191256830601095,0.6000000000000035,22.0,1920144.1028628547,7.67674102281623,-0.0,ACCEL
W6_vector_01,133.3107923497268,1449.739317387799,2,17.311475409836067,0.5999999999999929,22.0,1933677.2022750585,7.784363210759088,-0.0,ACCEL
W6_vector_01,133.51115664845173,1453.2199627738462,2,17.43169398907104,0.6000000000000035,22.0,1947212.0695369132,7.892738705420614,-0.0,ACCEL
W6_vector_01,133.7115209471767,1456.7246956712156,2,17.55191256830601,0.5999999999999929,22.0,1960748.7109031416,8.00186760554172,-0.0,ACCEL
W6_vector_01,133.91188524590166,1460.2535160799068,2,17.672131147540984,0.6000000000000035,22.0,1974287.1326287338,8.11175001021141,-0.0,ACCEL
W6_vector_01,134.1122495446266,1463.8064239999205,2,17.792349726775956,0.5999999999999929,22.0,1987827.3409684089,8.222386018866795,-0.0,ACCEL
W6_vector_01,134.31261384335156,1467.383419431256,2,17.91256830601093,0.6000000000000035,22.0,2001369.342177159,8.333775731293175,-0.0,ACCEL
W6_vector_01,134.51297814207652,1470.984502373914,2,18.032786885245905,0.6000000000000106,22.0,2014913.1425097606,8.44591924762392,-0.0,ACCEL
W6_vector_01,134.71334244080145,1474.6096728278937,2,18.153005464480874,0.5999999999999858,22.0,2028458.7482209743,8.558816668340517,-0.0,ACCEL
W6_vector_01,134.91370673952642,1478.2589307931958,2,18.27322404371585,0.6000000000000106,22.0,2042006.1655659247,8.672468094272647,-0.0,ACCEL
W6_vector_01,135.11407103825138,1481.93227626982,2,18.393442622950822,0.6000000000000035,22.0,2055555.400799198,8.786873626598048,-0.0,ACCEL
W6_vector_01,135.31443533697635,1485.6297092577663,2,18.513661202185794,0.5999999999999929,22.0,2069106.4601757424,8.902033366842605,-0.0,ACCEL
W6_vector_01,135.51479963570128,1489.3512297570346,2,18.633879781420767,0.6000000000000035,22.0,2082659.3499504973,9.017947416880316,-0.0,ACCEL
W6_vector_01,135.71516393442624,1493.0968377676254,2,18.75409836065574,0.5999999999999929,22.0,2096214.0763781753,9.134615878933346,-0.0,ACCEL
W6_vector_01,135.9155282331512,1496.866533289538,2,18.87431693989071,0.6000000000000035,22.0,2109770.645713775,9.252038855571945,-0.0,ACCEL
W6_vector_01,136.11589253187614,1500.6603163227728,2,18.994535519125684,0.5999999999999929,22.0,2123329.0642120074,9.370216449714475,-0.0,ACCEL
W6_vector_01,136.3162568306011,1504.4781868673297,2,19.114754098360656,0.6000000000000035,22.0,2136889.3381278734,9.489148764627487,-0.0,ACCEL
W6_vector_01,136.51662112932607,1508.3201449232088,2,19.234972677595632,0.6000000000000106,22.0,2150451.473716144,9.608835903925598,-0.0,ACCEL
W6_vector_01,136.716985428051,1512.18619049041,2,19.3551912568306,0.5999999999999964,22.0,2164015.477231611,9.729277971571547,-0.0,ACCEL
W6_vector_01,136.91734972677597,1516.076323568933,2,19.475409836065573,0.5999999999999929,22.0,2177581.3549292423,9.850475071876255,-0.0,ACCEL
W6_vector_01,137.11771402550093,1519.9905441587784,2,19.59562841530055,0.6000000000000106,22.0,2191149.113063931,9.972427309498723,-0.0,ACCEL
W6_vector_01,137.3180783242259,1523.928852259946,2,19.71584699453552,0.5999999999999929,22.0,2204718.757890332,10.095134789446075,-0.0,ACCEL
W6_vector_01,137.51844262295083,1527.8912478724358,2,19.83606557377049,0.5999999999999964,22.0,2218290.2956635007,10.21859761707356,-0.0,ACCEL
W6_vector_01,137.7188069216758,1531.8777309962475,2,19.956284153005466,0.6000000000000106,22.0,2231863.7326382576,10.342815898084599,-0.0,ACCEL
W6_vector_01,137.91917122040076,1535.8883016313816,2,20.07650273224044,0.5999999999999929,22.0,2245439.075069302,10.46778973853068,-0.0,ACCEL
W6_vector_01,138.1195355191257,1539.9229597778376,2,20.19672131147541,0.5999999999999929,22.0,2259016.3292116704,10.593519244811423,-0.0,ACCEL
W6_vector_01,138.31989981785065,1543.9817054356156,2,20.316939890710383,0.6000000000000142,22.0,2272595.5013202312,10.720004523674627,-0.0,ACCEL
W6_vector_01,138.52026411657562,1548.064538604716,2,20.437158469945356,0.5999999999999929,22.0,2286176.5976496055,10.84724568221615,-0.0,ACCEL
W6_vector_01,138.72062841530055,1552.1714592851386,2,20.557377049180328,0.5999999999999929,22.0,2299759.624454884,10.97524282787999,-0.0,ACCEL
W6_vector_01,138.92099271402552,1556.302467476883,2,20.677595628415304,0.6000000000000106,22.0,2313344.58799091,11.103996068458319,-0.0,ACCEL
W6_vector_01,139.12135701275048,1560.4575631799496,2,20.797814207650273,0.5999999999999964,22.0,2326931.4945123517,11.233505512091375,-0.0,ACCEL
W6_vector_01,139.32172131147541,1564.6367463943384,2,20.918032786885245,0.5999999999999929,22.0,2340520.350274225,11.363771267267524,-0.0,ACCEL
W6_vector_01,139.52208561020038,1568.8400171200494,2,21.03825136612022,0.6000000000000106,22.0,2354111.161531427,11.494793442823315,-0.0,ACCEL
W6_vector_01,139.72244990892534,1573.0673753570825,2,21.158469945355193,0.5999999999999929,22.0,2367703.934538596,11.62657214794336,-0.0,ACCEL
W6_vector_01,139.92281420765028,1577.3188211054376,2,21.278688524590162,0.5999999999999964,22.0,2381298.675550803,11.759107492160403,-0.0,ACCEL
W6_vector_01,140.12317850637524,1581.594354365115,2,21.398907103825138,0.6000000000000106,22.0,2394895.3908228655,11.892399585355367,-0.0,ACCEL
W6_vector_01,140.3235428051002,1585.8939751361145,2,21.51912568306011,0.5999999999999929,22.0,2408494.0866094735,12.026448537757235,-0.0,ACCEL
W6_vector_01,140.52390710382514,1590.217683418436,2,21.639344262295086,0.6000000000000106,22.0,2422094.769165743,12.161254459943132,-0.0,ACCEL
W6_vector_01,140.7242714025501,1594.5654792120797,2,21.759562841530055,0.5999999999999964,22.0,2435697.444746267,12.296817462838346,-0.0,ACCEL
W6_vector_01,140.92463570127507,1598.9373625170454,2,21.879781420765028,0.5999999999999929,22.0,2449302.1196060674,12.433137657716244,-0.0,ACCEL
W6_vector_01,141.125,1603.3333333333335,2,22.0,0.5999999999999929,22.0,2462908.799999972,12.57021515619832,-0.0,CRUISE
W6_vector_01,141.32521645021646,1607.7380952380954,2,22.0,0.0,22.0,86908.8,12.575048648261813,-0.0,CRUISE
W6_vector_01,141.52543290043292,1612.142857142857,2,22.0,0.0,22.0,86908.8,12.579882140325306,-0.0,CRUISE
W6_vector_01,141.72564935064935,1616.547619047619,2,22.0,0.0,22.0,86908.8,12.584715632388797,-0.0,CRUISE
W6_vector_01,141.9258658008658,1620.952380952381,2,22.0,0.0,22.0,86908.8,12.58954912445229,-0.0,CRUISE
W6_vector_01,142.12608225108227,1625.357142857143,2,22.0,0.0,22.0,86908.8,12.594382616515782,-0.0,CRUISE
W6_vector_01,142.32629870129873,1629.7619047619048,2,22.0,0.0,22.0,86908.8,12.599216108579276,-0.0,CRUISE
W6_vector_01,142.52651515151516,1634.1666666666667,2,22.0,0.0,22.0,86908.8,12.604049600642766,-0.0,CRUISE
W6_vector_01,142.72673160173161,1638.5714285714287,2,22.0,0.0,22.0,86908.8,12.60888309270626,-0.0,CRUISE
W6_vector_01,142.92694805194807,1642.9761904761906,2,22.0,0.0,22.0,86908.8,12.613716584769753,-0.0,CRUISE
W6_vector_01,143.12716450216453,1647.3809523809523,2,22.0,0.0,22.0,86908.8,12.618550076833245,-0.0,CRUISE
W6_vector_01,143.32738095238096,1651.7857142857142,2,22.0,0.0,22.0,86908.8,12.623383568896736,-0.0,CRUISE
W6_vector_01,143.52759740259742,1656.1904761904761,2,22.0,0.0,22.0,86908.8,12.628217060960228,-0.0,CRUISE
W6_vector_01,143.72781385281388,1660.595238095238,2,22.0,0.0,22.0,86908.8,12.633050553023722,-0.0,CRUISE
W6_vector_01,143.9280303030303,1665.0,2,22.0,0.0,22.0,86908.8,12.637884045087214,-0.0,CRUISE
W6_vector_01,144.12824675324677,1669.404761904762,2,22.0,0.0,22.0,86908.8,12.642717537150705,-0.0,CRUISE
W6_vector_01,144.32846320346323,1673.8095238095239,2,22.0,0.0,22.0,86908.8,12.647551029214199,-0.0,CRUISE
W6_vector_01,144.52867965367966,1678.2142857142858,2,22.0,0.0,22.0,86908.8,12.652384521277689,-0.0,CRUISE
W6_vector_01,144.72889610389612,1682.6190476190477,2,22.0,0.0,22.0,86908.8,12.657218013341183,-0.0,CRUISE
W6_vector_01,144.92911255411258,1687.0238095238096,2,22.0,0.0,22.0,86908.8,12.662051505404676,-0.0,CRUISE
W6_vector_01,145.129329004329,1691.4285714285716,2,22.0,0.0,22.0,86908.8,12.666884997468166,-0.0,CRUISE
W6_vector_01,145.32954545454547,1695.8333333333335,2,22.0,0.0,22.0,86908.8,12.67171848953166,-0.0,CRUISE
W6_vector_01,145.52976190476193,1700.2380952380954,2,22.0,0.0,22.0,86908.8,12.676551981595152,-0.0,CRUISE
W6_vector_01,145.72997835497836,1704.642857142857,2,22.0,0.0,22.0,86908.8,12.681385473658644,-0.0,CRUISE
W6_vector_01,145.93019480519482,1709.047619047619,2,22.0,0.0,22.0,86908.8,12.686218965722135,-0.0,CRUISE
W6_vector_01,146.13041125541127,1713.452380952381,2,22.0,0.0,22.0,86908.8,12.691052457785629,-0.0,CRUISE
W6_vector_01,146.3306277056277,1717.857142857143,2,22.0,0.0,22.0,86908.8,12.69588594984912,-0.0,CRUISE
W6_vector_01,146.53084415584416,1722.2619047619048,2,22.0,0.0,22.0,86908.8,12.700719441912613,-0.0,CRUISE
W6_vector_01,146.73106060606062,1726.6666666666667,2,22.0,0.0,22.0,86908.8,12.705552933976106,-0.0,CRUISE
W6_vector_01,146.93127705627705,1731.0714285714287,2,22.0,0.0,22.0,86908.8,12.710386426039596,-0.0,CRUISE
W6_vector_01,147.1314935064935,1735.4761904761904,2,22.0,0.0,22.0,86908.8,12.71521991810309,-0.0,CRUISE
W6_vector_01,147.33170995670997,1739.8809523809523,2,22.0,0.0,22.0,86908.8,12.720053410166583,-0.0,CRUISE
W6_vector_01,147.53192640692643,1744.2857142857142,2,22.0,0.0,22.0,86908.8,12.724886902230075,-0.0,CRUISE
W6_vector_01,147.73214285714286,1748.6904761904761,2,22.0,0.0,22.0,86908.8,12.729720394293567,-0.0,CRUISE
W6_vector_01,147.93235930735932,1753.095238095238,2,22.0,0.0,22.0,86908.8,12.734553886357059,-0.0,CRUISE
W6_vector_01,148.13257575757578,1757.5,2,22.0,0.0,22.0,86908.8,12.739387378420552,-0.0,CRUISE
W6_vector_01,148.33279220779224,1761.904761904762,2,22.0,0.0,22.0,86908.8,12.744220870484046,-0.0,CRUISE
W6_vector_01,148.53300865800867,1766.3095238095239,2,22.0,0.0,22.0,86908.8,12.749054362547536,-0.0,CRUISE
W6_vector_01,148.73322510822513,1770.7142857142858,2,22.0,0.0,22.0,86908.8,12.75388785461103,-0.0,CRUISE
W6_vector_01,148.9334415584416,1775.1190476190477,2,22.0,0.0,22.0,86908.8,12.758721346674522,-0.0,CRUISE
W6_vector_01,149.13365800865802,1779.5238095238096,2,22.0,0.0,22.0,86908.8,12.763554838738013,-0.0,CRUISE
W6_vector_01,149.33387445887448,1783.9285714285716,2,22.0,0.0,22.0,86908.8,12.768388330801505,-0.0,CRUISE
W6_vector_01,149.53409090909093,1788.3333333333335,2,22.0,0.0,22.0,86908.8,12.773221822864999,-0.0,CRUISE
W6_vector_01,149.73430735930737,1792.7380952380952,2,22.0,0.0,22.0,86908.8,12.77805531492849,-0.0,CRUISE
W6_vector_01,149.93452380952382,1797.142857142857,2,22.0,0.0,22.0,86908.8,12.782888806991982,-0.0,CRUISE
W6_vector_01,150.13474025974028,1801.547619047619,2,22.0,0.0,22.0,86908.8,12.787722299055476,-0.0,CRUISE
W6_vector_01,150.3349567099567,1805.952380952381,2,22.0,0.0,22.0,86908.8,12.792555791118966,-0.0,CRUISE
W6_vector_01,150.53517316017317,1810.357142857143,2,22.0,0.0,22.0,86908.8,12.79738928318246,-0.0,CRUISE
W6_vector_01,150.73538961038963,1814.7619047619048,2,22.0,0.0,22.0,86908.8,12.802222775245953,-0.0,CRUISE
W6_vector_01,150.93560606060606,1819.1666666666667,2,22.0,0.0,22.0,86908.8,12.807056267309443,-0.0,CRUISE
W6_vector_01,151.13582251082252,1823.5714285714287,2,22.0,0.0,22.0,86908.8,12.811889759372937,-0.0,CRUISE
W6_vector_01,151.33603896103898,1827.9761904761904,2,22.0,0.0,22.0,86908.8,12.816723251436429,-0.0,CRUISE
W6_vector_01,151.5362554112554,1832.3809523809523,2,22.0,0.0,22.0,86908.8,12.82155674349992,-0.0,CRUISE
W6_vector_01,151.73647186147187,1836.7857142857142,2,22.0,0.0,22.0,86908.8,12.826390235563412,-0.0,CRUISE
W6_vector_01,151.93668831168833,1841.1904761904761,2,22.0,0.0,22.0,86908.8,12.831223727626906,-0.0,CRUISE
W6_vector_01,152.13690476190476,1845.595238095238,2,22.0,0.0,22.0,86908.8,12.836057219690398,-0.0,CRUISE
W6_vector_01,152.33712121212122,1850.0,2,22.0,0.0,22.0,86908.8,12.84089071175389,-0.0,CRUISE
W6_vector_01,152.53733766233768,1854.404761904762,2,22.0,0.0,22.0,86908.8,12.845724203817383,-0.0,CRUISE
W6_vector_01,152.73755411255414,1858.8095238095239,2,22.0,0.0,22.0,86908.8,12.850557695880877,-0.0,CRUISE
W6_vector_01,152.9377705627706,1863.2142857142858,2,22.0,0.0,22.0,86908.8,12.855391187944369,-0.0,CRUISE
W6_vector_01,153.13798701298703,1867.6190476190477,2,22.0,0.0,22.0,86908.8,12.86022468000786,-0.0,CRUISE
W6_vector_01,153.33820346320348,1872.0238095238096,2,22.0,0.0,22.0,86908.8,12.865058172071352,-0.0,CRUISE
W6_vector_01,153.53841991341994,1876.4285714285716,2,22.0,0.0,22.0,86908.8,12.869891664134846,-0.0,CRUISE
W6_vector_01,153.73863636363637,1880.8333333333335,2,22.0,0.0,22.0,86908.8,12.874725156198336,-0.0,CRUISE
W6_vector_01,153.93885281385283,1885.2380952380952,2,22.0,0.0,22.0,86908.8,12.87955864826183,-0.0,CRUISE
W6_vector_01,154.1390692640693,1889.642857142857,2,22.0,0.0,22.0,86908.8,12.884392140325323,-0.0,CRUISE
W6_vector_01,154.33928571428572,1894.047619047619,2,22.0,0.0,22.0,86908.8,12.889225632388813,-0.0,CRUISE
W6_vector_01,154.53950216450218,1898.452380952381,2,22.0,0.0,22.0,86908.8,12.894059124452307,-0.0,CRUISE
W6_vector_01,154.73971861471864,1902.857142857143,2,22.0,0.0,22.0,86908.8,12.898892616515798,-0.0,CRUISE
W6_vector_01,154.93993506493507,1907.2619047619048,2,22.0,0.0,22.0,86908.8,12.90372610857929,-0.0,CRUISE
W6_vector_01,155.14015151515153,1911.6666666666667,2,22.0,0.0,22.0,86908.8,12.908559600642782,-0.0,CRUISE
W6_vector_01,155.340367965368,1916.0714285714287,2,22.0,0.0,22.0,86908.8,12.913393092706276,-0.0,CRUISE
W6_vector_01,155.54058441558442,1920.4761904761906,2,22.0,0.0,22.0,86908.8,12.918226584769767,-0.0,CRUISE
W6_vector_01,155.74080086580088,1924.8809523809523,2,22.0,0.0,22.0,86908.8,12.92306007683326,-0.0,CRUISE
W6_vector_01,155.94101731601734,1929.2857142857142,2,22.0,0.0,22.0,86908.8,12.927893568896753,-0.0,CRUISE
W6_vector_01,156.14123376623377,1933.6904761904761,2,22.0,0.0,22.0,86908.8,12.932727060960243,-0.0,CRUISE
W6_vector_01,156.34145021645023,1938.095238095238,2,22.0,0.0,22.0,86908.8,12.937560553023737,-0.0,CRUISE
W6_vector_01,156.54166666666669,1942.5,2,22.0,0.0,22.0,86908.8,12.94239404508723,-0.0,CRUISE
W6_vector_01,156.74188311688312,1946.904761904762,2,22.0,0.0,22.0,86908.8,12.94722753715072,-0.0,CRUISE
W6_vector_01,156.94209956709958,1951.3095238095239,2,22.0,0.0,22.0,86908.8,12.952061029214214,-0.0,CRUISE
W6_vector_01,157.14231601731603,1955.7142857142858,2,22.0,0.0,22.0,86908.8,12.956894521277706,-0.0,CRUISE
W6_vector_01,157.34253246753246,1960.1190476190477,2,22.0,0.0,22.0,86908.8,12.961728013341197,-0.0,CRUISE
W6_vector_01,157.54274891774892,1964.5238095238096,2,22.0,0.0,22.0,86908.8,12.96656150540469,-0.0,CRUISE
W6_vector_01,157.74296536796538,1968.9285714285716,2,22.0,0.0,22.0,86908.8,12.971394997468183,-0.0,CRUISE
W6_vector_01,157.9431818181818,1973.3333333333333,2,22.0,0.0,22.0,86908.8,12.976228489531675,-0.0,CRUISE
W6_vector_01,158.1433982683983,1977.7380952380954,2,22.0,0.0,22.0,86908.8,12.981061981595166,-0.0,CRUISE
W6_vector_01,158.34361471861473,1982.142857142857,2,22.0,0.0,22.0,86908.8,12.985895473658658,-0.0,CRUISE
W6_vector_01,158.5438311688312,1986.547619047619,2,22.0,0.0,22.0,86908.8,12.99072896572215,-0.0,CRUISE
W6_vector_01,158.74404761904765,1990.952380952381,2,22.0,0.0,22.0,86908.8,12.995562457785644,-0.0,CRUISE
W6_vector_01,158.94426406926408,1995.357142857143,2,22.0,0.0,22.0,86908.8,13.000395949849134,-0.0,CRUISE
W6_vector_01,159.14448051948054,1999.7619047619048,2,22.0,0.0,22.0,86908.8,13.005229441912627,-0.0,CRUISE
W6_vector_01,159.344696969697,2004.1666666666667,2,22.0,0.0,22.0,86908.8,13.010062933976121,-0.0,CRUISE
W6_vector_01,159.54491341991343,2008.5714285714287,2,22.0,0.0,22.0,86908.8,13.014896426039611,-0.0,CRUISE
W6_vector_01,159.7451298701299,2012.9761904761904,2,22.0,0.0,22.0,86908.8,13.019729918103105,-0.0,CRUISE
W6_vector_01,159.94534632034635,2017.3809523809523,2,22.0,0.0,22.0,86908.8,13.024563410166596,-0.0,CRUISE
W6_vector_01,160.14556277056278,2021.7857142857142,2,22.0,0.0,22.0,86908.8,13.029396902230088,-0.0,CRUISE
W6_vector_01,160.34577922077924,2026.1904761904761,2,22.0,0.0,22.0,86908.8,13.034230394293582,-0.0,CRUISE
W6_vector_01,160.5459956709957,2030.595238095238,2,22.0,0.0,22.0,86908.8,13.039063886357074,-0.0,CRUISE
W6_vector_01,160.74621212121212,2035.0,2,22.0,0.0,22.0,86908.8,13.043897378420565,-0.0,CRUISE
W6_vector_01,160.94642857142858,2039.404761904762,2,22.0,0.0,22.0,86908.8,13.048730870484057,-0.0,CRUISE
W6_vector_01,161.14664502164504,2043.8095238095239,2,22.0,0.0,22.0,86908.8,13.05356436254755,-0.0,CRUISE
W6_vector_01,161.34686147186147,2048.214285714286,2,22.0,0.0,22.0,86908.8,13.05839785461104,-0.0,CRUISE
W6_vector_01,161.54707792207793,2052.6190476190477,2,22.0,0.0,22.0,86908.8,13.063231346674534,-0.0,CRUISE
W6_vector_01,161.7472943722944,2057.0238095238096,2,22.0,0.0,22.0,86908.8,13.068064838738028,-0.0,CRUISE
W6_vector_01,161.94751082251082,2061.4285714285716,2,22.0,0.0,22.0,86908.8,13.072898330801518,-0.0,CRUISE
W6_vector_01,162.14772727272728,2065.8333333333335,2,22.0,0.0,22.0,86908.8,13.077731822865012,-0.0,CRUISE
W6_vector_01,162.34794372294374,2070.2380952380954,2,22.0,0.0,22.0,86908.8,13.082565314928503,-0.0,CRUISE
W6_vector_01,162.54816017316017,2074.642857142857,2,22.0,0.0,22.0,86908.8,13.087398806991995,-0.0,CRUISE
W6_vector_01,162.74837662337663,2079.0476190476193,2,22.0,0.0,22.0,86908.8,13.092232299055489,-0.0,CRUISE
W6_vector_01,162.9485930735931,2083.4523809523807,2,22.0,0.0,22.0,86908.8,13.09706579111898,-0.0,CRUISE
W6_vector_01,163.14880952380952,2087.857142857143,2,22.0,0.0,22.0,86908.8,13.101899283182473,-0.0,CRUISE
W6_vector_01,163.349025974026,2092.2619047619046,2,22.0,0.0,22.0,86908.8,13.106732775245964,-0.0,CRUISE
W6_vector_01,163.54924242424244,2096.6666666666665,2,22.0,0.0,22.0,86908.8,13.111566267309456,-0.0,CRUISE
W6_vector_01,163.7494588744589,2101.0714285714284,2,22.0,0.0,22.0,86908.8,13.116399759372948,-0.0,CRUISE
W6_vector_01,163.94967532467535,2105.4761904761904,2,22.0,0.0,22.0,86908.8,13.121233251436442,-0.0,CRUISE
W6_vector_01,164.14989177489178,2109.8809523809523,2,22.0,0.0,22.0,86908.8,13.126066743499933,-0.0,CRUISE
W6_vector_01,164.35010822510824,2114.285714285714,2,22.0,0.0,22.0,86908.8,13.130900235563425,-0.0,CRUISE
W6_vector_01,164.5503246753247,2118.690476190476,2,22.0,0.0,22.0,86908.8,13.135733727626919,-0.0,CRUISE
W6_vector_01,164.75054112554113,2123.095238095238,2,22.0,0.0,22.0,86908.8,13.140567219690409,-0.0,CRUISE
W6_vector_01,164.9507575757576,2127.5,2,22.0,0.0,22.0,86908.8,13.145400711753902,-0.0,CRUISE
W6_vector_01,165.15097402597405,2131.904761904762,2,22.0,0.0,22.0,86908.8,13.150234203817396,-0.0,CRUISE
W6_vector_01,165.35119047619048,2136.309523809524,2,22.0,0.0,22.0,86908.8,13.155067695880886,-0.0,CRUISE
W6_vector_01,165.55140692640694,2140.714285714286,2,22.0,0.0,22.0,86908.8,13.15990118794438,-0.0,CRUISE
W6_vector_01,165.7516233766234,2145.1190476190477,2,22.0,0.0,22.0,86908.8,13.164734680007872,-0.0,CRUISE
W6_vector_01,165.95183982683983,2149.5238095238096,2,22.0,0.0,22.0,86908.8,13.169568172071363,-0.0,CRUISE
W6_vector_01,166.1520562770563,2153.9285714285716,2,22.0,0.0,22.0,86908.8,13.174401664134855,-0.0,CRUISE
W6_vector_01,166.35227272727275,2158.3333333333335,2,22.0,0.0,22.0,86908.8,13.179235156198349,-0.0,CRUISE
W6_vector_01,166.55248917748918,2162.7380952380954,2,22.0,0.0,22.0,86908.8,13.18406864826184,-0.0,CRUISE
W6_vector_01,166.75270562770564,2167.142857142857,2,22.0,0.0,22.0,86908.8,13.188902140325332,-0.0,CRUISE
W6_vector_01,166.9529220779221,2171.5476190476193,2,22.0,0.0,22.0,86908.8,13.193735632388826,-0.0,CRUISE
W6_vector_01,167.15313852813853,2175.9523809523807,2,22.0,0.0,22.0,86908.8,13.198569124452316,-0.0,CRUISE
W6_vector_01,167.353354978355,2180.357142857143,2,22.0,0.0,22.0,86908.8,13.20340261651581,-0.0,CRUISE
W6_vector_01,167.55357142857144,2184.7619047619046,2,22.0,0.0,22.0,86908.8,13.208236108579303,-0.0,CRUISE
W6_vector_01,167.75378787878788,2189.166666666667,2,22.0,0.0,22.0,86908.8,13.213069600642793,-0.0,CRUISE
W6_vector_01,167.95400432900433,2193.5714285714284,2,22.0,0.0,22.0,86908.8,13.217903092706287,-0.0,CRUISE
W6_vector_01,168.1542207792208,2197.9761904761904,2,22.0,0.0,22.0,86908.8,13.222736584769779,-0.0,CRUISE
W6_vector_01,168.35443722943722,2202.3809523809523,2,22.0,0.0,22.0,86908.8,13.22757007683327,-0.0,CRUISE
W6_vector_01,168.5546536796537,2206.785714285714,2,22.0,0.0,22.0,86908.8,13.232403568896762,-0.0,CRUISE
W6_vector_01,168.75487012987014,2211.190476190476,2,22.0,0.0,22.0,86908.8,13.237237060960254,-0.0,CRUISE
W6_vector_01,168.9550865800866,2215.595238095238,2,22.0,0.0,22.0,86908.8,13.242070553023748,-0.0,CRUISE
W6_vector_01,169.15530303030306,2220.0,2,22.0,0.0,22.0,86908.8,13.24690404508724,-0.0,CRUISE
W6_vector_01,169.3555194805195,2224.404761904762,2,22.0,0.0,22.0,86908.8,13.251737537150731,-0.0,CRUISE
W6_vector_01,169.55573593073595,2228.809523809524,2,22.0,0.0,22.0,86908.8,13.256571029214223,-0.0,CRUISE
W6_vector_01,169.7559523809524,2233.214285714286,2,22.0,0.0,22.0,86908.8,13.261404521277717,-0.0,CRUISE
W6_vector_01,169.95616883116884,2237.6190476190477,2,22.0,0.0,22.0,86908.8,13.266238013341207,-0.0,CRUISE
W6_vector_01,170.1563852813853,2242.0238095238096,2,22.0,0.0,22.0,86908.8,13.2710715054047,-0.0,CRUISE
W6_vector_01,170.35660173160176,2246.4285714285716,2,22.0,0.0,22.0,86908.8,13.275904997468194,-0.0,CRUISE
W6_vector_01,170.5568181818182,2250.8333333333335,2,22.0,0.0,22.0,86908.8,13.280738489531684,-0.0,CRUISE
W6_vector_01,170.75703463203465,2255.2380952380954,2,22.0,0.0,22.0,86908.8,13.285571981595178,-0.0,CRUISE
W6_vector_01,170.9572510822511,2259.642857142857,2,22.0,0.0,22.0,86908.8,13.29040547365867,-0.0,CRUISE
W6_vector_01,171.15746753246754,2264.0476190476193,2,22.0,0.0,22.0,86908.8,13.295238965722161,-0.0,CRUISE
W6_vector_01,171.357683982684,2268.4523809523807,2,22.0,0.0,22.0,86908.8,13.300072457785655,-0.0,CRUISE
W6_vector_01,171.55790043290045,2272.857142857143,2,22.0,0.0,22.0,86908.8,13.304905949849147,-0.0,CRUISE
W6_vector_01,171.75811688311688,2277.2619047619046,2,22.0,0.0,22.0,86908.8,13.309739441912638,-0.0,CRUISE
W6_vector_01,171.95833333333334,2281.6666666666665,2,22.0,0.0,22.0,86908.8,13.31457293397613,-0.0,CRUISE
W6_vector_01,172.1585497835498,2286.0714285714284,2,22.0,0.0,22.0,86908.8,13.319406426039624,-0.0,CRUISE
W6_vector_01,172.35876623376623,2290.4761904761904,2,22.0,0.0,22.0,86908.8,13.324239918103114,-0.0,CRUISE
W6_vector_01,172.5589826839827,2294.8809523809523,2,22.0,0.0,22.0,86908.8,13.329073410166608,-0.0,CRUISE
W6_vector_01,172.75919913419915,2299.285714285714,2,22.0,0.0,22.0,86908.8,13.333906902230101,-0.0,CRUISE
W6_vector_01,172.95941558441558,2303.690476190476,2,22.0,0.0,22.0,86908.8,13.338740394293591,-0.0,CRUISE
W6_vector_01,173.15963203463204,2308.095238095238,2,22.0,0.0,22.0,86908.8,13.343573886357085,-0.0,CRUISE
W6_vector_01,173.3598484848485,2312.5,2,22.0,0.0,22.0,86908.8,13.348407378420577,-0.0,CRUISE
W6_vector_01,173.56006493506496,2316.904761904762,2,22.0,0.0,22.0,86908.8,13.35324087048407,-0.0,CRUISE
W6_vector_01,173.7602813852814,2321.309523809524,2,22.0,0.0,22.0,86908.8,13.358074362547562,-0.0,CRUISE
W6_vector_01,173.96049783549785,2325.714285714286,2,22.0,0.0,22.0,86908.8,13.362907854611054,-0.0,CRUISE
W6_vector_01,174.1607142857143,2330.1190476190477,2,22.0,0.0,22.0,86908.8,13.367741346674547,-0.0,CRUISE
W6_vector_01,174.36093073593076,2334.5238095238096,2,22.0,0.0,22.0,86908.8,13.37257483873804,-0.0,CRUISE
W6_vector_01,174.5611471861472,2338.9285714285716,2,22.0,0.0,22.0,86908.8,13.377408330801531,-0.0,CRUISE
W6_vector_01,174.76136363636365,2343.333333333333,2,22.0,0.0,22.0,86908.8,13.382241822865025,-0.0,CRUISE
W6_vector_01,174.9615800865801,2347.7380952380954,2,22.0,0.0,22.0,86908.8,13.387075314928516,-0.0,CRUISE
W6_vector_01,175.16179653679654,2352.1428571428573,2,22.0,0.0,22.0,86908.8,13.391908806992008,-0.0,CRUISE
W6_vector_01,175.362012987013,2356.5476190476193,2,22.0,0.0,22.0,86908.8,13.3967422990555,-0.0,CRUISE
W6_vector_01,175.56222943722946,2360.9523809523807,2,22.0,0.0,22.0,86908.8,13.401575791118994,-0.0,CRUISE
W6_vector_01,175.7624458874459,2365.357142857143,2,22.0,0.0,22.0,86908.8,13.406409283182484,-0.0,CRUISE
W6_vector_01,175.96266233766235,2369.7619047619046,2,22.0,0.0,22.0,86908.8,13.411242775245977,-0.0,CRUISE
W6_vector_01,176.1628787878788,2374.166666666667,2,22.0,0.0,22.0,86908.8,13.416076267309471,-0.0,CRUISE
W6_vector_01,176.36309523809524,2378.5714285714284,2,22.0,0.0,22.0,86908.8,13.420909759372961,-0.0,CRUISE
W6_vector_01,176.5633116883117,2382.9761904761904,2,22.0,0.0,22.0,86908.8,13.425743251436455,-0.0,CRUISE
W6_vector_01,176.76352813852816,2387.3809523809523,2,22.0,0.0,22.0,86908.8,13.430576743499946,-0.0,CRUISE
W6_vector_01,176.9637445887446,2391.785714285714,2,22.0,0.0,22.0,86908.8,13.435410235563438,-0.0,CRUISE
W6_vector_01,177.16396103896105,2396.190476190476,2,22.0,0.0,22.0,86908.8,13.440243727626932,-0.0,CRUISE
W6_vector_01,177.3641774891775,2400.595238095238,2,22.0,0.0,22.0,86908.8,13.445077219690424,-0.0,CRUISE
W6_vector_01,177.56439393939394,2405.0,2,22.0,0.0,22.0,86908.8,13.449910711753915,-0.0,CRUISE
W6_vector_01,177.7646103896104,2409.404761904762,2,22.0,0.0,22.0,86908.8,13.454744203817407,-0.0,CRUISE
W6_vector_01,177.96482683982686,2413.809523809524,2,22.0,0.0,22.0,86908.8,13.4595776958809,-0.0,CRUISE
W6_vector_01,178.1650432900433,2418.214285714286,2,22.0,0.0,22.0,86908.8,13.46441118794439,-0.0,CRUISE
W6_vector_01,178.36525974025975,2422.6190476190477,2,22.0,0.0,22.0,86908.8,13.469244680007884,-0.0,CRUISE
W6_vector_01,178.5654761904762,2427.0238095238096,2,22.0,0.0,22.0,86908.8,13.474078172071378,-0.0,CRUISE
W6_vector_01,178.76569264069266,2431.4285714285716,2,22.0,0.0,22.0,86908.8,13.47891166413487,-0.0,CRUISE
W6_vector_01,178.9659090909091,2435.833333333333,2,22.0,0.0,22.0,86908.8,13.483745156198362,-0.0,CRUISE
W6_vector_01,179.16612554112555,2440.2380952380954,2,22.0,0.0,22.0,86908.8,13.488578648261853,-0.0,CRUISE
W6_vector_01,179.366341991342,2444.642857142857,2,22.0,0.0,22.0,86908.8,13.493412140325347,-0.0,CRUISE
W6_vector_01,179.56655844155847,2449.0476190476193,2,22.0,0.0,22.0,86908.8,13.49824563238884,-0.0,CRUISE
W6_vector_01,179.7667748917749,2453.452380952381,2,22.0,0.0,22.0,86908.8,13.50307912445233,-0.0,CRUISE
W6_vector_01,179.96699134199136,2457.8571428571427,2,22.0,0.0,22.0,86908.8,13.507912616515824,-0.0,CRUISE
W6_vector_01,180.16720779220782,2462.2619047619046,2,22.0,0.0,22.0,86908.8,13.512746108579316,-0.0,CRUISE
W6_vector_01,180.36742424242425,2466.666666666667,2,22.0,0.0,22.0,86908.8,13.517579600642808,-0.0,CRUISE
W6_vector_01,180.5676406926407,2471.0714285714284,2,22.0,0.0,22.0,86908.8,13.522413092706302,-0.0,CRUISE
W6_vector_01,180.76785714285717,2475.4761904761904,2,22.0,0.0,22.0,86908.8,13.527246584769793,-0.0,CRUISE
W6_vector_01,180.9680735930736,2479.8809523809523,2,22.0,0.0,22.0,86908.8,13.532080076833285,-0.0,CRUISE
W6_vector_01,181.16829004329006,2484.285714285714,2,22.0,0.0,22.0,86908.8,13.536913568896777,-0.0,CRUISE
W6_vector_01,181.36850649350652,2488.690476190476,2,22.0,0.0,22.0,86908.8,13.54174706096027,-0.0,CRUISE
W6_vector_01,181.56872294372295,2493.095238095238,2,22.0,0.0,22.0,86908.8,13.54658055302376,-0.0,CRUISE
W6_vector_01,181.7689393939394,2497.5,2,22.0,0.0,22.0,86908.8,13.551414045087254,-0.0,BRAKE
W6_vector_01,181.9696693209467,2501.899941392722,2,21.83941605839416,-0.7999999999999894,22.0,-3058798.9434617073,13.551414045087254,0.05969371417441064,BRAKE
W6_vector_01,182.170399247954,2506.267648782567,2,21.67883211678832,-0.7999999999999894,22.0,-3036503.112252535,13.551414045087254,0.11895231607106724,BRAKE
W6_vector_01,182.3711291749613,2510.603122169535,2,21.51824817518248,-0.800000000000046,22.0,-3014203.721280298,13.551414045087254,0.17777573621973564,BRAKE
W6_vector_01,182.57185910196858,2514.9063615536256,2,21.357664233576642,-0.7999999999999894,22.0,-2991900.785451976,13.551414045087254,0.2361639054410892,BRAKE
W6_vector_01,182.77258902897591,2519.1773669348395,2,21.197080291970803,-0.7999999999999894,22.0,-2969594.319675865,13.551414045087254,0.29411675484677585,BRAKE
W6_vector_01,182.9733189559832,2523.416138313176,2,21.036496350364963,-0.7999999999999894,22.0,-2947284.3388593853,13.551414045087254,0.3516342158393102,BRAKE
W6_vector_01,183.17404888299052,2527.6226756886354,2,20.875912408759124,-0.7999999999999894,22.0,-2924970.857910173,13.551414045087254,0.4087162201122011,BRAKE
W6_vector_01,183.3747788099978,2531.796979061218,2,20.715328467153284,-0.800000000000046,22.0,-2902653.891736079,13.551414045087254,0.4653626996498251,BRAKE
W6_vector_01,183.5755087370051,2535.9390484309233,2,20.554744525547445,-0.7999999999999894,22.0,-2880333.4552441062,13.551414045087254,0.5215735867275317,BRAKE
W6_vector_01,183.7762386640124,2540.048883797752,2,20.394160583941606,-0.7999999999999894,22.0,-2858009.563342528,13.551414045087254,0.5773488139115791,BRAKE
W6_vector_01,183.9769685910197,2544.1264851617025,2,20.233576642335766,-0.7999999999999894,22.0,-2835682.2309387703,13.551414045087254,0.6326883140591583,BRAKE
W6_vector_01,184.177698518027,2548.171852522777,2,20.072992700729927,-0.7999999999999894,22.0,-2813351.4729404715,13.551414045087254,0.6875920203183886,BRAKE
W6_vector_01,184.3784284450343,2552.1849858809737,2,19.912408759124087,-0.7999999999999894,22.0,-2791017.30425527,13.551414045087254,0.7420598661283184,BRAKE
W6_vector_01,184.5791583720416,2556.165885236294,2,19.751824817518248,-0.800000000000046,22.0,-2768679.7397910054,13.551414045087254,0.7960917852189282,BRAKE
W6_vector_01,184.77988829904888,2560.114550588737,2,19.59124087591241,-0.7999999999999894,22.0,-2746338.7944547106,13.551414045087254,0.8496877116111082,BRAKE
W6_vector_01,184.9806182260562,2564.030981938303,2,19.43065693430657,-0.7999999999999894,22.0,-2723994.4831546284,13.551414045087254,0.9028475796167192,BRAKE
W6_vector_01,185.18134815306348,2567.915179284991,2,19.27007299270073,-0.7999999999999894,22.0,-2701646.8207981964,13.551414045087254,0.9555713238384941,BRAKE
W6_vector_01,185.3820780800708,2571.7671426288025,2,19.10948905109489,-0.7999999999999894,22.0,-2679295.8222930515,13.551414045087254,1.007858879170154,BRAKE
W6_vector_01,185.58280800707809,2575.5868719697373,2,18.94890510948905,-0.800000000000046,22.0,-2656941.502547026,13.551414045087254,1.0597101807962932,BRAKE
W6_vector_01,185.7835379340854,2579.3743673077947,2,18.78832116788321,-0.7999999999999894,22.0,-2634583.876467178,13.551414045087254,1.111125164192475,BRAKE
W6_vector_01,185.9842678610927,2583.129628642975,2,18.62773722627737,-0.7999999999999894,22.0,-2612222.958961725,13.551414045087254,1.1621037651251735,BRAKE
W6_vector_01,186.1849977881,2586.852655975278,2,18.467153284671532,-0.7999999999999894,22.0,-2589858.7649381114,13.551414045087254,1.2126459196517951,BRAKE
W6_vector_01,186.3857277151073,2590.5434493047046,2,18.306569343065693,-0.7999999999999894,22.0,-2567491.3093039766,13.551414045087254,1.2627515641206741,BRAKE
W6_vector_01,186.58645764211457,2594.2020086312536,2,18.145985401459853,-0.800000000000046,22.0,-2545120.6069671437,13.551414045087254,1.3124206351710705,BRAKE
W6_vector_01,186.7871875691219,2597.8283339549257,2,17.985401459854014,-0.7999999999999894,22.0,-2522746.672834695,13.551414045087254,1.3616530697331908,BRAKE
W6_vector_01,186.98791749612917,2601.4224252757203,2,17.824817518248175,-0.7999999999999894,22.0,-2500369.521814823,13.551414045087254,1.4104488050281314,BRAKE
W6_vector_01,187.1886474231365,2604.9842825936385,2,17.664233576642335,-0.7999999999999894,22.0,-2477989.1688149828,13.551414045087254,1.458807778567969,BRAKE
W6_vector_01,187.38937735014377,2608.513905908679,2,17.503649635036496,-0.7999999999999894,22.0,-2455605.6287428113,13.551414045087254,1.5067299281556548,BRAKE
W6_vector_01,187.59010727715108,2612.011295220843,2,17.343065693430656,-0.800000000000046,22.0,-2433218.9165061233,13.551414045087254,1.5542151918851188,BRAKE
W6_vector_01,187.79083720415838,2615.4764505301296,2,17.182481751824817,-0.7999999999999894,22.0,-2410829.047012026,13.551414045087254,1.6012635081411835,BRAKE
W6_vector_01,187.99156713116568,2618.909371836539,2,17.021897810218977,-0.7999999999999894,22.0,-2388436.0351686897,13.551414045087254,1.647874815599616,BRAKE
W6_vector_01,188.19229705817298,2622.3100591400716,2,16.861313868613138,-0.7999999999999894,22.0,-2366039.895883574,13.551414045087254,1.6940490532271093,BRAKE
W6_vector_01,188.39302698518028,2625.678512440727,2,16.7007299270073,-0.7999999999999894,22.0,-2343640.6440643184,13.551414045087254,1.7397861602812847,BRAKE
W6_vector_01,188.5937569121876,2629.014731738505,2,16.54014598540146,-0.7999999999999894,22.0,-2321238.29461856,13.551414045087254,1.7850860763106924,BRAKE
W6_vector_01,188.79448683919486,2632.318717033406,2,16.37956204379562,-0.800000000000046,22.0,-2298832.8624541047,13.551414045087254,1.8299487411548083,BRAKE
W6_vector_01,188.9952167662022,2635.5904683254303,2,16.21897810218978,-0.7999999999999894,22.0,-2276424.362478088,13.551414045087254,1.874374094944052,BRAKE
W6_vector_01,189.19594669320946,2638.8299856145773,2,16.05839416058394,-0.7999999999999894,22.0,-2254012.8095986512,13.551414045087254,1.9183620780997377,BRAKE
W6_vector_01,189.3966766202168,2642.0372689008473,2,15.897810218978101,-0.7999999999999894,22.0,-2231598.218723264,13.551414045087254,1.961912631334155,BRAKE
W6_vector_01,189.59740654722407,2645.21231818424,2,15.737226277372262,-0.7999999999999894,22.0,-2209180.604759565,13.551414045087254,2.0050256956504735,BRAKE
W6_vector_01,189.79813647423137,2648.3551334647555,2,15.576642335766422,-0.800000000000046,22.0,-2186759.982615351,13.551414045087254,2.0477012123428353,BRAKE
W6_vector_01,189.99886640123867,2651.465714742394,2,15.416058394160583,-0.7999999999999894,22.0,-2164336.367197784,13.551414045087254,2.0899391229962805,BRAKE
W6_vector_01,190.19959632824597,2654.5440620171557,2,15.255474452554743,-0.7999999999999894,22.0,-2141909.773414978,13.551414045087254,2.13173936948679,BRAKE
W6_vector_01,190.40032625525328,2657.5901752890404,2,15.094890510948904,-0.7999999999999894,22.0,-2119480.2161744125,13.551414045087254,2.1731018939812734,BRAKE
W6_vector_01,190.60105618226058,2660.604054558048,2,14.934306569343065,-0.7999999999999894,22.0,-2097047.710383726,13.551414045087254,2.214026638937566,BRAKE
W6_vector_01,190.80178610926788,2663.585699824178,2,14.773722627737225,-0.7999999999999894,22.0,-2074612.2709505565,13.551414045087254,2.2545135471044344,BRAKE
W6_vector_01,191.00251603627515,2666.5351110874317,2,14.613138686131386,-0.800000000000046,22.0,-2052173.9127826912,13.551414045087254,2.2945625615215692,BRAKE
W6_vector_01,191.20324596328248,2669.4522883478076,2,14.452554744525546,-0.7999999999999894,22.0,-2029732.6507873202,13.551414045087254,2.3341736255196044,BRAKE
W6_vector_01,191.40397589028976,2672.3372316053064,2,14.291970802919707,-0.7999999999999894,22.0,-2007288.4998725296,13.551414045087254,2.373346682720072,BRAKE
W6_vector_01,191.6047058172971,2675.1899408599284,2,14.131386861313867,-0.7999999999999894,22.0,-1984841.4749458085,13.551414045087254,2.412081677035474,BRAKE
W6_vector_01,191.80543574430436,2678.0104161116733,2,13.97080291970803,-0.8000000000000371,22.0,-1962391.5909149153,13.551414045087254,2.4503785526692,BRAKE
W6_vector_01,192.00616567131166,2680.7986573605413,2,13.810218978102188,-0.7999999999999983,22.0,-1939938.8626871489,13.551414045087254,2.4882372541155986,BRAKE
W6_vector_01,192.20689559831897,2683.5546646065322,2,13.64963503649635,-0.7999999999999805,22.0,-1917483.3051704206,13.551414045087254,2.525657726159933,BRAKE
W6_vector_01,192.40762552532627,2686.278437849646,2,13.48905109489051,-0.7999999999999983,22.0,-1895024.9332724009,13.551414045087254,2.5626399138783986,BRAKE
W6_vector_01,192.60835545233357,2688.9699770898824,2,13.328467153284672,-0.7999999999999805,22.0,-1872563.7619005556,13.551414045087254,2.5991837626381167,BRAKE
W6_vector_01,192.80908537934087,2691.6292823272415,2,13.16788321167883,-0.7999999999999983,22.0,-1850099.805962693,13.551414045087254,2.635289218097142,BRAKE
W6_vector_01,193.00981530634817,2694.256353561724,2,13.007299270072993,-0.8000000000000371,22.0,-1827633.0803664157,13.551414045087254,2.670956226204455,BRAKE
W6_vector_01,193.21054523335545,2696.8511907933294,2,12.846715328467152,-0.7999999999999983,22.0,-1805163.6000191295,13.551414045087254,2.706184733199958,BRAKE
W6_vector_01,193.41127516036278,2699.4137940220576,2,12.686131386861314,-0.7999999999999805,22.0,-1782691.379828707,13.551414045087254,2.740974685614504,BRAKE
W6_vector_01,193.61200508737005,2701.944163247909,2,12.525547445255473,-0.7999999999999983,22.0,-1760216.4347028157,13.551414045087254,2.775326030269841,BRAKE
W6_vector_01,193.81273501437738,2704.4422984708826,2,12.364963503649633,-0.7999999999999894,22.0,-1737738.779548953,13.551414045087254,2.809238714278684,BRAKE
W6_vector_01,194.01346494138465,2706.90819969098,2,12.204379562043794,-0.800000000000046,22.0,-1715258.4292749614,13.551414045087254,2.84271268504464,BRAKE
W6_vector_01,194.21419486839196,2709.3418669082,2,12.043795620437955,-0.7999999999999894,22.0,-1692775.3987880857,13.551414045087254,2.8757478902622706,BRAKE
W6_vector_01,194.41492479539926,2711.7433001225427,2,11.883211678832115,-0.7999999999999894,22.0,-1670289.7029963373,13.551414045087254,2.9083442779170556,BRAKE
W6_vector_01,194.61565472240656,2714.112499334008,2,11.722627737226276,-0.7999999999999894,22.0,-1647801.35680723,13.551414045087254,2.9405017962854045,BRAKE
W6_vector_01,194.81638464941386,2716.4494645425966,2,11.562043795620438,-0.7999999999999805,22.0,-1625310.375128384,13.551414045087254,2.972220393934656,BRAKE
W6_vector_01,195.01711457642116,2718.754195748308,2,11.401459854014597,-0.7999999999999983,22.0,-1602816.7728675099,13.551414045087254,3.0035000197230786,BRAKE
W6_vector_01,195.21784450342847,2721.0266929511426,2,11.24087591240876,-0.8000000000000371,22.0,-1580320.5649322334,13.551414045087254,3.034340622799869,BRAKE
W6_vector_01,195.41857443043574,2723.2669561511,2,11.080291970802918,-0.7999999999999983,22.0,-1557821.7662299925,13.551414045087254,3.0647421526051444,BRAKE
W6_vector_01,195.61930435744307,2725.474985348181,2,10.91970802919708,-0.7999999999999805,22.0,-1535320.391668628,13.551414045087254,3.0947045588699713,BRAKE
W6_vector_01,195.82003428445034,2727.6507805423835,2,10.759124087591239,-0.7999999999999983,22.0,-1512816.4561558024,13.551414045087254,3.124227791616317,BRAKE
W6_vector_01,196.02076421145765,2729.79434173371,2,10.598540145985401,-0.8000000000000371,22.0,-1490309.9745991244,13.551414045087254,3.1533118011571055,BRAKE
W6_vector_01,196.22149413846495,2731.905668922159,2,10.43795620437956,-0.7999999999999983,22.0,-1467800.9619060436,13.551414045087254,3.181956538096168,BRAKE
W6_vector_01,196.42222406547225,2733.9847621077306,2,10.277372262773723,-0.7999999999999805,22.0,-1445289.4329843887,13.551414045087254,3.210161953328275,BRAKE
W6_vector_01,196.62295399247955,2736.0316212904254,2,10.116788321167881,-0.7999999999999983,22.0,-1422775.4027418215,13.551414045087254,3.237927998039123,BRAKE
W6_vector_01,196.82368391948685,2738.046246470243,2,9.956204379562044,-0.7999999999999805,22.0,-1400258.8860858504,13.551414045087254,3.2652546237053364,BRAKE
W6_vector_01,197.02441384649416,2740.028637647184,2,9.795620437956202,-0.7999999999999983,22.0,-1377739.8979242411,13.551414045087254,3.292141782094471,BRAKE
W6_vector_01,197.22514377350143,2741.978794821248,2,9.635036496350365,-0.8000000000000371,22.0,-1355218.4531646047,13.551414045087254,3.3185894252650057,BRAKE
W6_vector_01,197.42587370050876,2743.8967179924343,2,9.474452554744524,-0.7999999999999983,22.0,-1332694.5667144074,13.551414045087254,3.34459750556636,BRAKE
W6_vector_01,197.62660362751603,2745.782407160744,2,9.313868613138686,-0.7999999999999805,22.0,-1310168.2534814612,13.551414045087254,3.3701659756388613,BRAKE
W6_vector_01,197.82733355452336,2747.635862326176,2,9.153284671532846,-0.7999999999999894,22.0,-1287639.5283734107,13.551414045087254,3.3952947884137923,BRAKE
W6_vector_01,198.02806348153064,2749.4570834887313,2,8.992700729927005,-0.7999999999999983,22.0,-1265108.4062978486,13.551414045087254,3.4199838971133363,BRAKE
W6_vector_01,198.22879340853794,2751.24607064841,2,8.832116788321166,-0.800000000000046,22.0,-1242574.9021624755,13.551414045087254,3.4442332552506314,BRAKE
W6_vector_01,198.42952333554524,2753.002823805211,2,8.671532846715328,-0.7999999999999805,22.0,-1220039.030874688,13.551414045087254,3.4680428166297252,BRAKE
W6_vector_01,198.63025326255254,2754.7273429591346,2,8.510948905109489,-0.7999999999999894,22.0,-1197500.8073424215,13.551414045087254,3.4914125353456034,BRAKE
W6_vector_01,198.83098318955984,2756.4196281101817,2,8.350364963503647,-0.7999999999999983,22.0,-1174960.246473196,13.551414045087254,3.5143423657841772,BRAKE
W6_vector_01,199.03171311656715,2758.0796792583515,2,8.189781021897808,-0.7999999999999894,22.0,-1152417.3631746238,13.551414045087254,3.536832262622288,BRAKE
W6_vector_01,199.23244304357445,2759.707496403644,2,8.02919708029197,-0.7999999999999805,22.0,-1129872.1723543704,13.551414045087254,3.5588821808277036,BRAKE
W6_vector_01,199.43317297058172,2761.30307954606,2,7.868613138686131,-0.800000000000046,22.0,-1107324.6889201785,13.551414045087254,3.5804920756591216,BRAKE
W6_vector_01,199.63390289758905,2762.8664286855987,2,7.70802919708029,-0.7999999999999983,22.0,-1084774.927779419,13.551414045087254,3.6016619026661747,BRAKE
W6_vector_01,199.83463282459633,2764.39754382226,2,7.54744525547445,-0.7999999999999894,22.0,-1062222.9038399481,13.551414045087254,3.622391617689407,BRAKE
W6_vector_01,200.03536275160366,2765.8964249560445,2,7.3868613138686126,-0.7999999999999805,22.0,-1039668.6320093479,13.551414045087254,3.6426811768603145,BRAKE
W6_vector_01,200.23609267861093,2767.363072086952,2,7.226277372262773,-0.800000000000046,22.0,-1017112.1271953535,13.551414045087254,3.6625305366012997,BRAKE
W6_vector_01,200.43682260561823,2768.7974852149823,2,7.065693430656932,-0.7999999999999983,22.0,-994553.4043053574,13.551414045087254,3.6819396536257103,BRAKE
W6_vector_01,200.63755253262553,2770.1996643401353,2,6.9051094890510925,-0.7999999999999894,22.0,-971992.4782471971,13.551414045087254,3.7009084849378135,BRAKE
W6_vector_01,200.83828245963284,2771.5696094624113,2,6.744525547445255,-0.7999999999999805,22.0,-949429.3639284605,13.551414045087254,3.7194369878328084,BRAKE
W6_vector_01,201.03901238664014,2772.9073205818104,2,6.583941605839415,-0.7999999999999894,22.0,-926864.0762568061,13.551414045087254,3.737525119896823,BRAKE
W6_vector_01,201.23974231364744,2774.2127976983325,2,6.423357664233578,-0.7999999999999805,22.0,-904296.63013983,13.551414045087254,3.755172839006912,BRAKE
W6_vector_01,201.44047224065474,2775.486040811977,2,6.262773722627735,-0.800000000000007,22.0,-881727.0404852309,13.551414045087254,3.772380103331061,BRAKE
W6_vector_01,201.64120216766202,2776.727049922745,2,6.102189781021897,-0.8000000000000371,22.0,-859155.3222006098,13.551414045087254,3.7891468713281817,BRAKE
W6_vector_01,201.84193209466935,2777.935825030636,2,5.941605839416059,-0.7999999999999805,22.0,-836581.4901935076,13.551414045087254,3.8054731017481203,BRAKE
W6_vector_01,202.04266202167662,2779.112366135649,2,5.78102189781022,-0.7999999999999894,22.0,-814005.5593717282,13.551414045087254,3.8213587536316402,BRAKE
W6_vector_01,202.24339194868395,2780.2566732377854,2,5.620437956204377,-0.800000000000007,22.0,-791427.5446428466,13.551414045087254,3.836803786310449,BRAKE
W6_vector_01,202.44412187569122,2781.368746337045,2,5.4598540145985375,-0.800000000000046,22.0,-768847.460914513,13.551414045087254,3.8518081594071667,BRAKE
W6_vector_01,202.64485180269853,2782.4485854334275,2,5.299270072992702,-0.7999999999999717,22.0,-746265.3230942352,13.551414045087254,3.866371832835354,BRAKE
W6_vector_01,202.84558172970583,2783.496190526933,2,5.138686131386862,-0.7999999999999894,22.0,-723681.1460898503,13.551414045087254,3.880494766799496,BRAKE
W6_vector_01,203.04631165671313,2784.511561617561,2,4.978102189781019,-0.800000000000007,22.0,-701094.9448089062,13.551414045087254,3.8941769217950064,BRAKE
W6_vector_01,203.24704158372043,2785.4946987053117,2,4.81751824817518,-0.7999999999999894,22.0,-678506.7341590109,13.551414045087254,3.907418258608227,BRAKE
W6_vector_01,203.44777151072773,2786.4456017901857,2,4.656934306569344,-0.7999999999999717,22.0,-655916.5290478357,13.551414045087254,3.92021873831643,BRAKE
W6_vector_01,203.64850143773504,2787.3642708721827,2,4.496350364963504,-0.800000000000046,22.0,-633324.3443830918,13.551414045087254,3.9325783222878155,BRAKE
W6_vector_01,203.8492313647423,2788.2507059513027,2,4.335766423357661,-0.800000000000007,22.0,-610730.1950722492,13.551414045087254,3.9444969721815086,BRAKE
W6_vector_01,204.04996129174964,2789.1049070275453,2,4.175182481751822,-0.7999999999999894,22.0,-588134.096023058,13.551414045087254,3.955974649947573,BRAKE
W6_vector_01,204.2506912187569,2789.926874100911,2,4.014598540145986,-0.7999999999999717,22.0,-565536.0621431393,13.551414045087254,3.9670113178269872,BRAKE
W6_vector_01,204.45142114576421,2790.7166071713996,2,3.8540145985401466,-0.800000000000046,22.0,-542936.1083401938,13.551414045087254,3.9776069383516717,BRAKE
W6_vector_01,204.65215107277152,2791.4741062390112,2,3.6934306569343036,-0.800000000000007,22.0,-520334.2495217153,13.551414045087254,3.987761474344467,BRAKE
W6_vector_01,204.85288099977882,2792.1993713037455,2,3.532846715328464,-0.7999999999999894,22.0,-497730.50059543806,13.551414045087254,3.997474888919145,BRAKE
W6_vector_01,205.05361092678612,2792.8924023656027,2,3.3722627737226283,-0.7999999999999717,22.0,-475124.8764689858,13.551414045087254,4.006747145480406,BRAKE
W6_vector_01,205.25434085379342,2793.553199424583,2,3.211678832116789,-0.7999999999999894,22.0,-452517.3920500158,13.551414045087254,4.01557820772388,BRAKE
W6_vector_01,205.45507078080072,2794.1817624806863,2,3.051094890510946,-0.800000000000007,22.0,-429908.062246144,13.551414045087254,4.0239680396361255,BRAKE
W6_vector_01,205.65580070780803,2794.778091533912,2,2.8905109489051064,-0.7999999999999894,22.0,-407296.90196499065,13.551414045087254,4.031916605494627,BRAKE
W6_vector_01,205.85653063481533,2795.342186584261,2,2.729927007299267,-0.800000000000046,22.0,-384683.92611425073,13.551414045087254,4.039423869867801,BRAKE
W6_vector_01,206.0572605618226,2795.874047631733,2,2.569343065693431,-0.7999999999999717,22.0,-362069.14960146137,13.551414045087254,4.04648979761499,BRAKE
W6_vector_01,206.25799048882993,2796.373674676328,2,2.408759124087588,-0.800000000000007,22.0,-339452.58733437484,13.551414045087254,4.05311435388647,BRAKE
W6_vector_01,206.4587204158372,2796.8410677180455,2,2.2481751824817486,-0.7999999999999894,22.0,-316834.25422055536,13.551414045087254,4.059297504123438,BRAKE
W6_vector_01,206.6594503428445,2797.2762267568864,2,2.087591240875909,-0.800000000000046,22.0,-294214.16516769317,13.551414045087254,4.065039214058026,BRAKE
W6_vector_01,206.8601802698518,2797.67915179285,2,1.9270072992700733,-0.7999999999999717,22.0,-271592.3350833491,13.551414045087254,4.070339449713293,BRAKE
W6_vector_01,207.0609101968591,2798.049842825936,2,1.7664233576642303,-0.800000000000007,22.0,-248968.77887524763,13.551414045087254,4.075198177403225,BRAKE
W6_vector_01,207.2616401238664,2798.3882998561457,2,1.6058394160583909,-0.7999999999999894,22.0,-226343.51145097188,13.551414045087254,4.079615363732738,BRAKE
W6_vector_01,207.46237005087372,2798.694522883478,2,1.4452554744525514,-0.7999999999999894,22.0,-203716.54771818247,13.551414045087254,4.083590975597676,BRAKE
W6_vector_01,207.66309997788102,2798.968511907933,2,1.2846715328467155,-0.7999999999999717,22.0,-181087.90258450832,13.551414045087254,4.087124980184813,BRAKE
W6_vector_01,207.8638299048883,2799.2102669295114,2,1.124087591240876,-0.800000000000046,22.0,-158457.59095761026,13.551414045087254,4.090217344971849,BRAKE
W6_vector_01,208.06455983189562,2799.4197879482126,2,0.9635036496350331,-0.800000000000007,22.0,-135825.6277450828,13.551414045087254,4.092868037727419,BRAKE
W6_vector_01,208.2652897589029,2799.5970749640364,2,0.8029197080291937,-0.7999999999999894,22.0,-113192.02785459436,13.551414045087254,4.095077026511078,BRAKE
W6_vector_01,208.46601968591023,2799.7421279769833,2,0.6423357664233578,-0.7999999999999717,22.0,-90556.80619377877,13.551414045087254,4.096844279673315,BRAKE
W6_vector_01,208.6667496129175,2799.854946987053,2,0.4817518248175183,-0.800000000000046,22.0,-67919.9776702811,13.551414045087254,4.098169765855546,BRAKE
W6_vector_01,208.8674795399248,2799.935531994246,2,0.32116788321167533,-0.800000000000007,22.0,-45281.55719171961,13.551414045087254,4.099053453990116,BRAKE
W6_vector_01,209.0682094669321,2799.9838829985615,2,0.1605839416058359,-0.7999999999999894,22.0,-22641.559665747147,13.551414045087254,4.0994953133003,BRAKE
W6_vector_01,209.2689393939394,2800.0,2,0.0,-0.7999999999999717,22.0,-0.0,13.551414045087254,4.0994953133003,BRAKE
W6_vector_01,209.4689393939394,2800.0,2,0.0,0.0,22.0,0.0,13.551414045087254,4.0994953133003,DWELL
W6_vector_01,209.6689393939394,2800.0,2,0.0,0.0,22.0,0.0,13.551414045087254,4.0994953133003,DWELL
W6_vector_01,209.8689393939394,2800.0,2,0.0,0.0,22.0,0.0,13.551414045087254,4.0994953133003,DWELL
W6_vector_01,210.06893939393942,2800.0,2,0.0,0.0,22.0,0.0,13.551414045087254,4.0994953133003,DWELL
W6_vector_01,210.2689393939394,2800.0,2,0.0,0.0,22.0,0.0,13.551414045087254,4.0994953133003,DWELL
W6_vector_01,210.4689393939394,2800.0,2,0.0,0.0,22.0,0.0,13.551414045087254,4.0994953133003,DWELL
W6_vector_01,210.6689393939394,2800.0,2,0.0,0.0,22.0,0.0,13.551414045087254,4.0994953133003,DWELL
W6_vector_01,210.8689393939394,2800.0,2,0.0,0.0,22.0,0.0,13.551414045087254,4.0994953133003,DWELL
W6_vector_01,211.06893939393942,2800.0,2,0.0,0.0,22.0,0.0,13.551414045087254,4.0994953133003,DWELL
W6_vector_01,211.2689393939394,2800.0,2,0.0,0.0,22.0,0.0,13.551414045087254,4.0994953133003,DWELL
W6_vector_01,211.4689393939394,2800.0,2,0.0,0.0,22.0,0.0,13.551414045087254,4.0994953133003,DWELL
W6_vector_01,211.6689393939394,2800.0,2,0.0,0.0,22.0,0.0,13.551414045087254,4.0994953133003,DWELL
W6_vector_01,211.8689393939394,2800.0,2,0.0,0.0,22.0,0.0,13.551414045087254,4.0994953133003,DWELL
W6_vector_01,212.06893939393942,2800.0,2,0.0,0.0,22.0,0.0,13.551414045087254,4.0994953133003,DWELL
W6_vector_01,212.2689393939394,2800.0,2,0.0,0.0,22.0,0.0,13.551414045087254,4.0994953133003,DWELL
W6_vector_01,212.4689393939394,2800.0,2,0.0,0.0,22.0,0.0,13.551414045087254,4.0994953133003,DWELL
W6_vector_01,212.6689393939394,2800.0,2,0.0,0.0,22.0,0.0,13.551414045087254,4.0994953133003,DWELL
W6_vector_01,212.8689393939394,2800.0,2,0.0,0.0,22.0,0.0,13.551414045087254,4.0994953133003,DWELL
W6_vector_01,213.06893939393942,2800.0,2,0.0,0.0,22.0,0.0,13.551414045087254,4.0994953133003,DWELL
W6_vector_01,213.2689393939394,2800.0,2,0.0,0.0,22.0,0.0,13.551414045087254,4.0994953133003,DWELL
W6_vector_01,213.4689393939394,2800.0,2,0.0,0.0,22.0,0.0,13.551414045087254,4.0994953133003,DWELL
W6_vector_01,213.6689393939394,2800.0,2,0.0,0.0,22.0,0.0,13.551414045087254,4.0994953133003,DWELL
W6_vector_01,213.8689393939394,2800.0,2,0.0,0.0,22.0,0.0,13.551414045087254,4.0994953133003,DWELL
W6_vector_01,214.06893939393942,2800.0,2,0.0,0.0,22.0,0.0,13.551414045087254,4.0994953133003,DWELL
W6_vector_01,214.2689393939394,2800.0,2,0.0,0.0,22.0,0.0,13.551414045087254,4.0994953133003,DWELL
W6_vector_01,214.4689393939394,2800.0,2,0.0,0.0,22.0,0.0,13.551414045087254,4.0994953133003,DWELL
W6_vector_01,214.6689393939394,2800.0,2,0.0,0.0,22.0,0.0,13.551414045087254,4.0994953133003,DWELL
W6_vector_01,214.8689393939394,2800.0,2,0.0,0.0,22.0,0.0,13.551414045087254,4.0994953133003,DWELL
W6_vector_01,215.06893939393942,2800.0,2,0.0,0.0,22.0,0.0,13.551414045087254,4.0994953133003,DWELL
W6_vector_01,215.2689393939394,2800.0,2,0.0,0.0,22.0,0.0,13.551414045087254,4.0994953133003,DWELL
W6_vector_01,215.4689393939394,2800.0,2,0.0,0.0,22.0,0.0,13.551414045087254,4.0994953133003,DWELL
W6_vector_01,215.6689393939394,2800.0,2,0.0,0.0,22.0,0.0,13.551414045087254,4.0994953133003,DWELL
W6_vector_01,215.8689393939394,2800.0,2,0.0,0.0,22.0,0.0,13.551414045087254,4.0994953133003,DWELL
W6_vector_01,216.06893939393942,2800.0,2,0.0,0.0,22.0,0.0,13.551414045087254,4.0994953133003,DWELL
W6_vector_01,216.2689393939394,2800.0,2,0.0,0.0,22.0,0.0,13.551414045087254,4.0994953133003,DWELL
W6_vector_01,216.4689393939394,2800.0,2,0.0,0.0,22.0,0.0,13.551414045087254,4.0994953133003,DWELL
W6_vector_01,216.6689393939394,2800.0,2,0.0,0.0,22.0,0.0,13.551414045087254,4.0994953133003,DWELL
W6_vector_01,216.8689393939394,2800.0,2,0.0,0.0,22.0,0.0,13.551414045087254,4.0994953133003,DWELL
W6_vector_01,217.06893939393942,2800.0,2,0.0,0.0,22.0,0.0,13.551414045087254,4.0994953133003,DWELL
W6_vector_01,217.2689393939394,2800.0,2,0.0,0.0,22.0,0.0,13.551414045087254,4.0994953133003,DWELL
W6_vector_01,217.4689393939394,2800.0,2,0.0,0.0,22.0,0.0,13.551414045087254,4.0994953133003,DWELL
W6_vector_01,217.6689393939394,2800.0,2,0.0,0.0,22.0,0.0,13.551414045087254,4.0994953133003,DWELL
W6_vector_01,217.8689393939394,2800.0,2,0.0,0.0,22.0,0.0,13.551414045087254,4.0994953133003,DWELL
W6_vector_01,218.06893939393942,2800.0,2,0.0,0.0,22.0,0.0,13.551414045087254,4.0994953133003,DWELL
W6_vector_01,218.2689393939394,2800.0,2,0.0,0.0,22.0,0.0,13.551414045087254,4.0994953133003,DWELL
W6_vector_01,218.4689393939394,2800.0,2,0.0,0.0,22.0,0.0,13.551414045087254,4.0994953133003,DWELL
W6_vector_01,218.6689393939394,2800.0,2,0.0,0.0,22.0,0.0,13.551414045087254,4.0994953133003,DWELL
W6_vector_01,218.8689393939394,2800.0,2,0.0,0.0,22.0,0.0,13.551414045087254,4.0994953133003,DWELL
W6_vector_01,219.06893939393942,2800.0,2,0.0,0.0,22.0,0.0,13.551414045087254,4.0994953133003,DWELL
W6_vector_01,219.2689393939394,2800.0,2,0.0,0.0,22.0,0.0,13.551414045087254,4.0994953133003,DWELL
W6_vector_01,219.4689393939394,2800.0,2,0.0,0.0,22.0,0.0,13.551414045087254,4.0994953133003,DWELL
W6_vector_01,219.6689393939394,2800.0,2,0.0,0.0,22.0,0.0,13.551414045087254,4.0994953133003,DWELL
W6_vector_01,219.8689393939394,2800.0,2,0.0,0.0,22.0,0.0,13.551414045087254,4.0994953133003,DWELL
W6_vector_01,220.06893939393942,2800.0,2,0.0,0.0,22.0,0.0,13.551414045087254,4.0994953133003,DWELL
W6_vector_01,220.2689393939394,2800.0,2,0.0,0.0,22.0,0.0,13.551414045087254,4.0994953133003,DWELL
W6_vector_01,220.4689393939394,2800.0,2,0.0,0.0,22.0,0.0,13.551414045087254,4.0994953133003,DWELL
W6_vector_01,220.6689393939394,2800.0,2,0.0,0.0,22.0,0.0,13.551414045087254,4.0994953133003,DWELL
W6_vector_01,220.8689393939394,2800.0,2,0.0,0.0,22.0,0.0,13.551414045087254,4.0994953133003,DWELL
W6_vector_01,221.06893939393942,2800.0,2,0.0,0.0,22.0,0.0,13.551414045087254,4.0994953133003,DWELL
W6_vector_01,221.2689393939394,2800.0,2,0.0,0.0,22.0,0.0,13.551414045087254,4.0994953133003,DWELL
W6_vector_01,221.4689393939394,2800.0,2,0.0,0.0,22.0,0.0,13.551414045087254,4.0994953133003,DWELL
W6_vector_01,221.6689393939394,2800.0,2,0.0,0.0,22.0,0.0,13.551414045087254,4.0994953133003,DWELL
W6_vector_01,221.8689393939394,2800.0,2,0.0,0.0,22.0,0.0,13.551414045087254,4.0994953133003,DWELL
W6_vector_01,222.06893939393942,2800.0,2,0.0,0.0,22.0,0.0,13.551414045087254,4.0994953133003,DWELL
W6_vector_01,222.2689393939394,2800.0,2,0.0,0.0,22.0,0.0,13.551414045087254,4.0994953133003,DWELL
W6_vector_01,222.4689393939394,2800.0,2,0.0,0.0,22.0,0.0,13.551414045087254,4.0994953133003,DWELL
W6_vector_01,222.6689393939394,2800.0,2,0.0,0.0,22.0,0.0,13.551414045087254,4.0994953133003,DWELL
W6_vector_01,222.8689393939394,2800.0,2,0.0,0.0,22.0,0.0,13.551414045087254,4.0994953133003,DWELL
W6_vector_01,223.06893939393942,2800.0,2,0.0,0.0,22.0,0.0,13.551414045087254,4.0994953133003,DWELL
W6_vector_01,223.2689393939394,2800.0,2,0.0,0.0,22.0,0.0,13.551414045087254,4.0994953133003,DWELL
W6_vector_01,223.4689393939394,2800.0,2,0.0,0.0,22.0,0.0,13.551414045087254,4.0994953133003,DWELL
W6_vector_01,223.6689393939394,2800.0,2,0.0,0.0,22.0,0.0,13.551414045087254,4.0994953133003,DWELL
W6_vector_01,223.8689393939394,2800.0,2,0.0,0.0,22.0,0.0,13.551414045087254,4.0994953133003,DWELL
W6_vector_01,224.06893939393942,2800.0,2,0.0,0.0,22.0,0.0,13.551414045087254,4.0994953133003,DWELL
W6_vector_01,224.2689393939394,2800.0,2,0.0,0.0,22.0,0.0,13.551414045087254,4.0994953133003,DWELL
W6_vector_01,224.4689393939394,2800.0,2,0.0,0.0,22.0,0.0,13.551414045087254,4.0994953133003,DWELL
W6_vector_01,224.6689393939394,2800.0,2,0.0,0.0,22.0,0.0,13.551414045087254,4.0994953133003,DWELL
W6_vector_01,224.8689393939394,2800.0,2,0.0,0.0,22.0,0.0,13.551414045087254,4.0994953133003,DWELL
W6_vector_01,225.06893939393942,2800.0,2,0.0,0.0,22.0,0.0,13.551414045087254,4.0994953133003,DWELL
W6_vector_01,225.2689393939394,2800.0,2,0.0,0.0,22.0,0.0,13.551414045087254,4.0994953133003,DWELL
W6_vector_01,225.4689393939394,2800.0,2,0.0,0.0,22.0,0.0,13.551414045087254,4.0994953133003,DWELL
W6_vector_01,225.6689393939394,2800.0,2,0.0,0.0,22.0,0.0,13.551414045087254,4.0994953133003,DWELL
W6_vector_01,225.8689393939394,2800.0,2,0.0,0.0,22.0,0.0,13.551414045087254,4.0994953133003,DWELL
W6_vector_01,226.06893939393942,2800.0,2,0.0,0.0,22.0,0.0,13.551414045087254,4.0994953133003,DWELL
W6_vector_01,226.2689393939394,2800.0,2,0.0,0.0,22.0,0.0,13.551414045087254,4.0994953133003,DWELL
W6_vector_01,226.4689393939394,2800.0,2,0.0,0.0,22.0,0.0,13.551414045087254,4.0994953133003,DWELL
W6_vector_01,226.6689393939394,2800.0,2,0.0,0.0,22.0,0.0,13.551414045087254,4.0994953133003,DWELL
W6_vector_01,226.8689393939394,2800.0,2,0.0,0.0,22.0,0.0,13.551414045087254,4.0994953133003,DWELL
W6_vector_01,227.06893939393942,2800.0,2,0.0,0.0,22.0,0.0,13.551414045087254,4.0994953133003,DWELL
W6_vector_01,227.2689393939394,2800.0,2,0.0,0.0,22.0,0.0,13.551414045087254,4.0994953133003,DWELL
W6_vector_01,227.4689393939394,2800.0,2,0.0,0.0,22.0,0.0,13.551414045087254,4.0994953133003,DWELL
W6_vector_01,227.6689393939394,2800.0,2,0.0,0.0,22.0,0.0,13.551414045087254,4.0994953133003,DWELL
W6_vector_01,227.8689393939394,2800.0,2,0.0,0.0,22.0,0.0,13.551414045087254,4.0994953133003,DWELL
W6_vector_01,228.06893939393942,2800.0,2,0.0,0.0,22.0,0.0,13.551414045087254,4.0994953133003,DWELL
W6_vector_01,228.2689393939394,2800.0,2,0.0,0.0,22.0,0.0,13.551414045087254,4.0994953133003,DWELL
W6_vector_01,228.46893939393942,2800.0,2,0.0,0.0,22.0,0.0,13.551414045087254,4.0994953133003,DWELL
W6_vector_01,228.6689393939394,2800.0,2,0.0,0.0,22.0,0.0,13.551414045087254,4.0994953133003,DWELL
W6_vector_01,228.8689393939394,2800.0,2,0.0,0.0,22.0,0.0,13.551414045087254,4.0994953133003,DWELL
W6_vector_01,229.06893939393942,2800.0,2,0.0,0.0,22.0,0.0,13.551414045087254,4.0994953133003,DWELL
W6_vector_01,229.2689393939394,2800.0,2,0.0,0.0,22.0,0.0,13.551414045087254,4.0994953133003,DWELL
W6_vector_01,229.2689393939394,2800.0,3,0.0,-0.0,20.0,0.0,0.0,-0.0,ACCEL
W6_vector_01,229.4685401923426,2800.011952143617,3,0.11976047904191617,0.6,20.0,13293.844481426906,0.0007370727700946485,-0.0,ACCEL
W6_vector_01,229.6681409907458,2800.047808574468,3,0.23952095808383234,0.6,20.0,26588.555700818237,0.0022112663662810857,-0.0,ACCEL
W6_vector_01,229.867741789149,2800.1075692925524,3,0.3592814371257485,0.5999999999999999,20.0,39884.13984179798,0.004422629187405421,-0.0,ACCEL
W6_vector_01,230.0673425875522,2800.1912342978712,3,0.47904191616766467,0.6000000000000002,20.0,53180.603087990195,0.007371209975162734,-0.0,ACCEL
W6_vector_01,230.2669433859554,2800.298803590424,3,0.5988023952095808,0.5999999999999999,20.0,66477.95162301877,0.011057057814097068,-0.0,ACCEL
W6_vector_01,230.46654418435855,2800.4302771702105,3,0.718562874251497,0.5999999999999998,20.0,79776.19163050782,0.01548022213160081,-0.0,ACCEL
W6_vector_01,230.66614498276175,2800.585655037231,3,0.8383233532934132,0.6000000000000004,20.0,93075.32929408141,0.020640752697917212,-0.0,ACCEL
W6_vector_01,230.86574578116495,2800.7649371914854,3,0.9580838323353293,0.5999999999999999,20.0,106375.37079736326,0.026538699626136586,-0.0,ACCEL
W6_vector_01,231.06534657956814,2800.9681236329734,3,1.0778443113772453,0.5999999999999993,20.0,119676.32232397751,0.03317411337219885,-0.0,ACCEL
W6_vector_01,231.26494737797134,2801.195214361696,3,1.1976047904191616,0.6000000000000004,20.0,132978.19005754858,0.04054704473489292,-0.0,ACCEL
W6_vector_01,231.46454817637454,2801.446209377652,3,1.3173652694610778,0.6000000000000004,20.0,146280.98018169988,0.04865754485585665,-0.0,ACCEL
W6_vector_01,231.66414897477773,2801.721108680842,3,1.437125748502994,0.5999999999999991,20.0,159584.69888005528,0.05750566521957685,-0.0,ACCEL
W6_vector_01,231.86374977318093,2802.0199122712656,3,1.5568862275449102,0.6000000000000004,20.0,172889.35233623983,0.06709145765338934,-0.0,ACCEL
W6_vector_01,232.06335057158412,2802.3426201489237,3,1.6766467065868265,0.6000000000000004,20.0,186194.9467338765,0.07741497432747887,-0.0,ACCEL
W6_vector_01,232.26295136998732,2802.6892323138154,3,1.7964071856287425,0.5999999999999993,20.0,199501.48825658922,0.08847626775487918,-0.0,ACCEL
W6_vector_01,232.46255216839052,2803.059748765941,3,1.9161676646706587,0.6000000000000004,20.0,212808.98308800318,0.10027539079147299,-0.0,ACCEL
W6_vector_01,232.66215296679368,2803.454169505301,3,2.035928143712575,0.6000000000000004,20.0,226117.43741174127,0.11281239663599017,-0.0,ACCEL
W6_vector_01,232.86175376519688,2803.8724945318945,3,2.1556886227544907,0.5999999999999982,20.0,239426.8574114269,0.12608733883001488,-0.0,ACCEL
W6_vector_01,233.06135456360008,2804.314723845722,3,2.275449101796407,0.6000000000000004,20.0,252737.24927068676,0.14010027125797508,-0.0,ACCEL
W6_vector_01,233.26095536200327,2804.780857446783,3,2.395209580838323,0.6000000000000004,20.0,266048.61917314224,0.1548512481471493,-0.0,ACCEL
W6_vector_01,233.46055616040647,2805.2708953350784,3,2.5149700598802394,0.6000000000000004,20.0,279360.97330241825,0.17034032406766506,-0.0,ACCEL
W6_vector_01,233.66015695880967,2805.7848375106073,3,2.6347305389221556,0.6000000000000004,20.0,292674.3178421387,0.18656755393249885,-0.0,ACCEL
W6_vector_01,233.85975775721286,2806.3226839733707,3,2.7544910179640714,0.5999999999999982,20.0,305988.6589759265,0.20353299299747615,-0.0,ACCEL
W6_vector_01,234.05935855561606,2806.8844347233676,3,2.874251497005988,0.6,20.0,319304.0028874089,0.2212366968612715,-0.0,ACCEL
W6_vector_01,234.25895935401925,2807.4700897605985,3,2.9940119760479043,0.6000000000000004,20.0,332620.35576020705,0.23967872146540828,-0.0,ACCEL
W6_vector_01,234.45856015242245,2808.0796490850635,3,3.1137724550898205,0.6000000000000004,20.0,345937.72377794544,0.2588591230942589,-0.0,ACCEL
W6_vector_01,234.65816095082565,2808.713112696762,3,3.2335329341317367,0.6000000000000004,20.0,359256.11312424834,0.27877795837504477,-0.0,ACCEL
W6_vector_01,234.8577617492288,2809.370480595695,3,3.353293413173653,0.6000000000000004,20.0,372575.5299827398,0.29943528427783317,-0.0,ACCEL
W6_vector_01,235.057362547632,2810.0517527818615,3,3.4730538922155687,0.5999999999999982,20.0,385895.9805370423,0.32083115811554924,-0.0,ACCEL
W6_vector_01,235.2569633460352,2810.756929255262,3,3.592814371257485,0.6000000000000004,20.0,399217.4709707841,0.3429656375439585,-0.0,ACCEL
W6_vector_01,235.4565641444384,2811.486010015896,3,3.712574850299401,0.6000000000000004,20.0,412540.0074675851,0.36583878056167807,-0.0,ACCEL
W6_vector_01,235.6561649428416,2812.238995063765,3,3.8323353293413174,0.6000000000000004,20.0,425863.59621107054,0.38945064551017416,-0.0,ACCEL
W6_vector_01,235.8557657412448,2813.015884398867,3,3.952095808383233,0.5999999999999982,20.0,439188.2433848629,0.4138012910737619,-0.0,ACCEL
W6_vector_01,236.055366539648,2813.816678021203,3,4.07185628742515,0.6000000000000026,20.0,452513.9551725927,0.4388907762796057,-0.0,ACCEL
W6_vector_01,236.2549673380512,2814.6413759307734,3,4.191616766467066,0.5999999999999982,20.0,465840.7377578724,0.46471916049771833,-0.0,ACCEL
W6_vector_01,236.45456813645438,2815.489978127577,3,4.311377245508981,0.5999999999999982,20.0,479168.59732433583,0.491286503440962,-0.0,ACCEL
W6_vector_01,236.65416893485758,2816.362484611615,3,4.431137724550898,0.6000000000000026,20.0,492497.5400556075,0.5185928651650479,-0.0,ACCEL
W6_vector_01,236.85376973326078,2817.2588953828867,3,4.550898203592814,0.5999999999999982,20.0,505827.57213530043,0.5466383060685358,-0.0,ACCEL
W6_vector_01,237.05337053166394,2818.1792104413926,3,4.6706586826347305,0.6000000000000026,20.0,519158.6997470534,0.5754228868928308,-0.0,ACCEL
W6_vector_01,237.25297133006714,2819.1234297871324,3,4.790419161676646,0.5999999999999982,20.0,532490.9290744752,0.6049466687221989,-0.0,ACCEL
W6_vector_01,237.45257212847034,2820.091553420106,3,4.910179640718563,0.6,20.0,545824.266301203,0.6352097129837432,-0.0,ACCEL
W6_vector_01,237.65217292687353,2821.0835813403132,3,5.029940119760479,0.6000000000000009,20.0,559158.7176108545,0.6662120814474192,-0.0,ACCEL
W6_vector_01,237.85177372527673,2822.0995135477547,3,5.149700598802395,0.6,20.0,572494.2891870532,0.697953836226032,-0.0,ACCEL
W6_vector_01,238.05137452367993,2823.13935004243,3,5.269461077844311,0.6000000000000009,20.0,585830.9872134258,0.7304350397752355,-0.0,ACCEL
W6_vector_01,238.25097532208312,2824.203090824339,3,5.389221556886228,0.6,20.0,599168.8178735934,0.7636557548935323,-0.0,ACCEL
W6_vector_01,238.45057612048632,2825.2907358934826,3,5.508982035928143,0.5999999999999964,20.0,612507.7873511788,0.7976160447222741,-0.0,ACCEL
W6_vector_01,238.6501769188895,2826.4022852498597,3,5.628742514970059,0.6,20.0,625847.9018298158,0.8323159727456619,-0.0,ACCEL
W6_vector_01,238.8497777172927,2827.5377388934708,3,5.748502994011976,0.6,20.0,639189.167493118,0.8677556027907455,-0.0,ACCEL
W6_vector_01,239.04937851569588,2828.6970968243154,3,5.868263473053892,0.6000000000000009,20.0,652531.5905247136,0.9039349990274183,-0.0,ACCEL
W6_vector_01,239.24897931409907,2829.880359042394,3,5.9880239520958085,0.6,20.0,665875.1771082239,0.9408542259684382,-0.0,ACCEL
W6_vector_01,239.44858011250227,2831.087525547707,3,6.107784431137724,0.6000000000000009,20.0,679219.9334272767,0.9785133484693964,-0.0,ACCEL
W6_vector_01,239.64818091090547,2832.3185963402534,3,6.227544910179641,0.6,20.0,692565.8656654921,1.016912431728739,-0.0,ACCEL
W6_vector_01,239.84778170930866,2833.573571420034,3,6.347305389221557,0.6000000000000009,20.0,705912.980006498,1.0560515412877602,-0.0,ACCEL
W6_vector_01,240.04738250771186,2834.852450787049,3,6.467065868263473,0.6,20.0,719261.2826339147,1.0959307430306038,-0.0,ACCEL
W6_vector_01,240.24698330611506,2836.155234441297,3,6.586826347305389,0.6000000000000009,20.0,732610.7797313698,1.136550103184262,-0.0,ACCEL
W6_vector_01,240.44658410451825,2837.4819223827794,3,6.706586826347306,0.6,20.0,745961.4774824835,1.1779096883185765,-0.0,ACCEL
W6_vector_01,240.64618490292145,2838.8325146114958,3,6.826347305389221,0.5999999999999964,20.0,759313.3820708783,1.220009565346237,-0.0,ACCEL
W6_vector_01,240.84578570132464,2840.2070111274456,3,6.946107784431137,0.6,20.0,772666.4996801906,1.262849801522784,-0.0,ACCEL
W6_vector_01,241.04538649972784,2841.6054119306295,3,7.065868263473053,0.6000000000000009,20.0,786020.8364940322,1.3064304644466054,-0.0,ACCEL
W6_vector_01,241.24498729813104,2843.027717021048,3,7.18562874251497,0.6,20.0,799376.3986960283,1.3507516220589386,-0.0,ACCEL
W6_vector_01,241.4445880965342,2844.4739263986994,3,7.305389221556886,0.6000000000000009,20.0,812733.1924698071,1.3958133426438633,-0.0,ACCEL
W6_vector_01,241.6441888949374,2845.9440400635854,3,7.425149700598802,0.6,20.0,826091.2239989883,1.4416156948283276,-0.0,ACCEL
W6_vector_01,241.8437896933406,2847.438058015705,3,7.544910179640718,0.6000000000000009,20.0,839450.4994672004,1.4881587475821096,-0.0,ACCEL
W6_vector_01,242.0433904917438,2848.955980255059,3,7.664670658682635,0.6,20.0,852811.0250580627,1.5354425702178425,-0.0,ACCEL
W6_vector_01,242.242991290147,2850.4978067816464,3,7.784431137724551,0.6,20.0,866172.806955203,1.583467232391008,-0.0,ACCEL
W6_vector_01,242.44259208855019,2852.0635375954676,3,7.904191616766466,0.5999999999999964,20.0,879535.8513422385,1.6322328040999374,-0.0,ACCEL
W6_vector_01,242.64219288695338,2853.653172696523,3,8.023952095808383,0.6,20.0,892900.164402809,1.6817393556858113,-0.0,ACCEL
W6_vector_01,242.84179368535658,2855.2667120848123,3,8.1437125748503,0.6000000000000053,20.0,906265.7523205308,1.731986957832659,-0.0,ACCEL
W6_vector_01,243.04139448375977,2856.9041557603355,3,8.263473053892216,0.6,20.0,919632.6212790097,1.7829756815673574,-0.0,ACCEL
W6_vector_01,243.24099528216297,2858.5655037230927,3,8.383233532934131,0.5999999999999964,20.0,933000.7774618875,1.8347055982596339,-0.0,ACCEL
W6_vector_01,243.44059608056614,2860.250755973084,3,8.502994011976048,0.6,20.0,946370.2270527969,1.8871767796220575,-0.0,ACCEL
W6_vector_01,243.64019687896933,2861.9599125103086,3,8.622754491017963,0.5999999999999964,20.0,959740.9762353395,1.9403892977100679,-0.0,ACCEL
W6_vector_01,243.83979767737253,2863.6929733347674,3,8.74251497005988,0.6,20.0,973113.0311931623,1.9943432249219315,-0.0,ACCEL
W6_vector_01,244.03939847577573,2865.4499384464602,3,8.862275449101796,0.6000000000000053,20.0,986486.3981098807,2.049038633998772,-0.0,ACCEL
W6_vector_01,244.23899927417892,2867.230807845387,3,8.982035928143713,0.6,20.0,999861.0831690988,2.10447559802456,-0.0,ACCEL
W6_vector_01,244.43860007258212,2869.035581531548,3,9.101796407185628,0.5999999999999964,20.0,1013237.0925544599,2.1606541904261163,-0.0,ACCEL
W6_vector_01,244.63820087098532,2870.8642595049423,3,9.221556886227544,0.6,20.0,1026614.4324495974,2.217574484973112,-0.0,ACCEL
W6_vector_01,244.8378016693885,2872.7168417655707,3,9.341317365269461,0.6000000000000053,20.0,1039993.1090381269,2.2752365557780654,-0.0,ACCEL
W6_vector_01,245.0374024677917,2874.593328313433,3,9.461077844311378,0.6,20.0,1053373.1285036511,2.3336404772963433,-0.0,ACCEL
W6_vector_01,245.2370032661949,2876.493719148529,3,9.580838323353293,0.5999999999999964,20.0,1066754.4970298144,2.3927863243261625,-0.0,ACCEL
W6_vector_01,245.4366040645981,2878.4180142708597,3,9.700598802395211,0.6000000000000035,20.0,1080137.2208002575,2.4526741720085905,-0.0,ACCEL
W6_vector_01,245.6362048630013,2880.3662136804237,3,9.820359281437126,0.5999999999999964,20.0,1093521.3059985598,2.5133040958275403,-0.0,ACCEL
W6_vector_01,245.83580566140446,2882.3383173772218,3,9.94011976047904,0.5999999999999964,20.0,1106906.7588083833,2.574676171609767,-0.0,ACCEL
W6_vector_01,246.03540645980766,2884.3343253612534,3,10.059880239520957,0.6000000000000053,20.0,1120293.5854133558,2.636790475524902,-0.0,ACCEL
W6_vector_01,246.23500725821086,2886.3542376325195,3,10.179640718562874,0.5999999999999946,20.0,1133681.7919970495,2.6996470840853957,-0.0,ACCEL
W6_vector_01,246.43460805661405,2888.398054191019,3,10.29940119760479,0.6000000000000053,20.0,1147071.3847431631,2.7632460741465605,-0.0,ACCEL
W6_vector_01,246.63420885501725,2890.465775036753,3,10.419161676646706,0.5999999999999964,20.0,1160462.3698352447,2.827587522906555,-0.0,ACCEL
W6_vector_01,246.83380965342045,2892.5574001697205,3,10.538922155688622,0.6000000000000053,20.0,1173854.7534569886,2.892671507906389,-0.0,ACCEL
W6_vector_01,247.03341045182364,2894.6729295899218,3,10.658682634730539,0.5999999999999946,20.0,1187248.541791948,2.958498107029918,-0.0,ACCEL
W6_vector_01,247.23301125022684,2896.8123632973575,3,10.778443113772456,0.6000000000000053,20.0,1200643.7410238252,3.0250673985038503,-0.0,ACCEL
W6_vector_01,247.43261204863003,2898.9757012920268,3,10.89820359281437,0.5999999999999964,20.0,1214040.357336165,3.092379460897739,-0.0,ACCEL
W6_vector_01,247.6322128470332,2901.16294357393,3,11.017964071856285,0.5999999999999964,20.0,1227438.3969126467,3.1604343731239806,-0.0,ACCEL
W6_vector_01,247.8318136454364,2903.374090143067,3,11.137724550898204,0.6000000000000035,20.0,1240837.8659368916,3.229232214437848,-0.0,ACCEL
W6_vector_01,248.0314144438396,2905.6091409994383,3,11.257485029940119,0.5999999999999964,20.0,1254238.7705924804,3.298773064437432,-0.0,ACCEL
W6_vector_01,248.2310152422428,2907.868096143043,3,11.377245508982035,0.6000000000000053,20.0,1267641.1170630988,3.369057003063686,-0.0,ACCEL
W6_vector_01,248.430616040646,2910.150955573882,3,11.497005988023952,0.5999999999999946,20.0,1281044.9115322973,3.4400841106004076,-0.0,ACCEL
W6_vector_01,248.63021683904918,2912.457719291955,3,11.616766467065869,0.6000000000000053,20.0,1294450.1601837853,3.511854467674249,-0.0,ACCEL
W6_vector_01,248.82981763745238,2914.7883872972616,3,11.736526946107784,0.5999999999999964,20.0,1307856.8692011002,3.5843681552547055,-0.0,ACCEL
W6_vector_01,249.02941843585558,2917.1429595898026,3,11.8562874251497,0.6000000000000053,20.0,1321265.0447679462,3.657625254654127,-0.0,ACCEL
W6_vector_01,249.22901923425877,2919.521436169577,3,11.976047904191617,0.5999999999999946,20.0,1334674.6930678668,3.7316258475277064,-0.0,ACCEL
W6_vector_01,249.42862003266197,2921.9238170365857,3,12.095808383233534,0.6000000000000053,20.0,1348085.8202845743,3.8063700158734926,-0.0,ACCEL
W6_vector_01,249.62822083106516,2924.350102190828,3,12.215568862275449,0.5999999999999964,20.0,1361498.4326016037,3.881857842032376,-0.0,ACCEL
W6_vector_01,249.82782162946836,2926.8002916323044,3,12.335329341317363,0.5999999999999964,20.0,1374912.5362026412,3.9580894086881013,-0.0,ACCEL
W6_vector_01,250.02742242787156,2929.2743853610145,3,12.455089820359282,0.6000000000000035,20.0,1388328.1372713079,4.035064798867261,-0.0,ACCEL
W6_vector_01,250.22702322627472,2931.7723833769587,3,12.574850299401197,0.5999999999999964,20.0,1401745.2419911788,4.112784095939284,-0.0,ACCEL
W6_vector_01,250.42662402467792,2934.294285680137,3,12.694610778443113,0.6000000000000053,20.0,1415163.856545947,4.191247383616483,-0.0,ACCEL
W6_vector_01,250.62622482308112,2936.8400922705487,3,12.814371257485028,0.5999999999999964,20.0,1428583.9871191594,4.270454745953985,-0.0,ACCEL
W6_vector_01,250.8258256214843,2939.4098031481944,3,12.934131736526947,0.6000000000000035,20.0,1442005.6398945174,4.350406267349778,-0.0,ACCEL
W6_vector_01,251.0254264198875,2942.0034183130742,3,13.053892215568862,0.5999999999999964,20.0,1455428.8210555748,4.431102032544699,-0.0,ACCEL
W6_vector_01,251.2250272182907,2944.620937765188,3,13.173652694610778,0.6000000000000053,20.0,1468853.5367860268,4.512542126622435,-0.0,ACCEL
W6_vector_01,251.4246280166939,2947.262361504536,3,13.293413173652693,0.5999999999999964,20.0,1482279.793269417,4.594726635009518,-0.0,ACCEL
W6_vector_01,251.6242288150971,2949.9276895311173,3,13.413173652694612,0.6000000000000035,20.0,1495707.596689451,4.677655643475335,-0.0,ACCEL
W6_vector_01,251.8238296135003,2952.6169218449327,3,13.532934131736527,0.5999999999999964,20.0,1509136.9532296788,4.761329238132117,-0.0,ACCEL
W6_vector_01,252.02343041190346,2955.330058445982,3,13.652694610778441,0.5999999999999964,20.0,1522567.8690737765,4.8457475054349315,-0.0,ACCEL
W6_vector_01,252.22303121030666,2958.0670993342655,3,13.77245508982036,0.6000000000000035,20.0,1536000.3504053692,4.930910532181737,-0.0,ACCEL
W6_vector_01,252.42263200870985,2960.828044509783,3,13.892215568862275,0.5999999999999964,20.0,1549434.4034080268,5.016818405513299,-0.0,ACCEL
W6_vector_01,252.62223280711305,2963.612893972534,3,14.011976047904191,0.6000000000000053,20.0,1562870.0342654493,5.103471212913247,-0.0,ACCEL
W6_vector_01,252.82183360551625,2966.421647722519,3,14.131736526946106,0.5999999999999964,20.0,1576307.2491611757,5.190869042208057,-0.0,ACCEL
W6_vector_01,253.02143440391944,2969.254305759738,3,14.251497005988025,0.6000000000000035,20.0,1589746.054278916,5.2790119815670575,-0.0,ACCEL
W6_vector_01,253.22103520232264,2972.1108680841908,3,14.37125748502994,0.5999999999999964,20.0,1603186.4558022162,5.367900119502423,-0.0,ACCEL
W6_vector_01,253.42063600072584,2974.991334695878,3,14.491017964071855,0.5999999999999964,20.0,1616628.4599147553,5.457533544869176,-0.0,ACCEL
W6_vector_01,253.62023679912903,2977.8957055947985,3,14.610778443113771,0.6000000000000053,20.0,1630072.072800163,5.5479123468651945,-0.0,ACCEL
W6_vector_01,253.81983759753223,2980.823980780953,3,14.730538922155688,0.5999999999999946,20.0,1643517.3006419877,5.639036615031196,-0.0,ACCEL
W6_vector_01,254.01943839593542,2983.7761602543414,3,14.850299401197605,0.6000000000000053,20.0,1656964.149623962,5.730906439250756,-0.0,ACCEL
W6_vector_01,254.21903919433862,2986.752244014964,3,14.97005988023952,0.5999999999999964,20.0,1670412.6259296006,5.823521909750292,-0.0,ACCEL
W6_vector_01,254.4186399927418,2989.7522320628204,3,15.089820359281436,0.6000000000000053,20.0,1683862.7357426279,5.9168831170990615,-0.0,ACCEL
W6_vector_01,254.61824079114498,2992.7761243979107,3,15.209580838323353,0.5999999999999946,20.0,1697314.485246567,6.0109901522092075,-0.0,ACCEL
W6_vector_01,254.81784158954818,2995.823921020235,3,15.32934131736527,0.6000000000000053,20.0,1710767.8806251532,6.105843106335687,-0.0,ACCEL
W6_vector_01,255.01744238795138,2998.895621929793,3,15.449101796407184,0.5999999999999964,20.0,1724222.9280618983,6.201442071076313,-0.0,ACCEL
W6_vector_01,255.21704318635457,3001.9912271265853,3,15.568862275449103,0.6000000000000035,20.0,1737679.633740525,6.297787138371752,-0.0,ACCEL
W6_vector_01,255.41664398475777,3005.110736610611,3,15.688622754491018,0.5999999999999964,20.0,1751138.0038445722,6.394878400505517,-0.0,ACCEL
W6_vector_01,255.61624478316097,3008.254150381871,3,15.808383233532933,0.5999999999999964,20.0,1764598.0445577244,6.492715950103974,-0.0,ACCEL
W6_vector_01,255.81584558156416,3011.4214684403646,3,15.92814371257485,0.6000000000000053,20.0,1778059.7620636106,6.591299880136333,-0.0,ACCEL
W6_vector_01,256.01544637996733,3014.6126907860926,3,16.047904191616766,0.5999999999999946,20.0,1791523.162545774,6.69063028391464,-0.0,ACCEL
W6_vector_01,256.2150471783705,3017.827817419054,3,16.16766467065868,0.5999999999999964,20.0,1804988.2521879296,6.790707255093834,-0.0,ACCEL
W6_vector_01,256.4146479767737,3021.0668483392496,3,16.2874251497006,0.6000000000000142,20.0,1818455.0371737133,6.891530887671664,-0.0,ACCEL
W6_vector_01,256.6142487751769,3024.329783546679,3,16.407185628742514,0.5999999999999964,20.0,1831923.5236865974,6.99310127598873,-0.0,ACCEL
W6_vector_01,256.8138495735801,3027.6166230413423,3,16.526946107784433,0.6000000000000035,20.0,1845393.7179103838,7.095418514728496,-0.0,ACCEL
W6_vector_01,257.0134503719833,3030.92736682324,3,16.646706586826348,0.5999999999999964,20.0,1858865.6260285804,7.198482698917263,-0.0,ACCEL
W6_vector_01,257.2130511703865,3034.262014892371,3,16.766467065868262,0.5999999999999964,20.0,1872339.254224875,7.3022939239241875,-0.0,ACCEL
W6_vector_01,257.4126519687897,3037.620567248736,3,16.886227544910177,0.5999999999999964,20.0,1885814.6086828706,7.406852285461275,-0.0,ACCEL
W6_vector_01,257.6122527671929,3041.003023892335,3,17.005988023952096,0.6000000000000035,20.0,1899291.6955862131,7.512157879583377,-0.0,ACCEL
W6_vector_01,257.8118535655961,3044.409384823168,3,17.12574850299401,0.5999999999999964,20.0,1912770.5211184605,7.618210802688194,-0.0,ACCEL
W6_vector_01,258.0114543639993,3047.839650041235,3,17.245508982035926,0.5999999999999964,20.0,1926251.0914633025,7.725011151516278,-0.0,ACCEL
W6_vector_01,258.2110551624025,3051.293819546536,3,17.365269461077844,0.6000000000000035,20.0,1939733.412804364,7.83255902315103,-0.0,ACCEL
W6_vector_01,258.4106559608057,3054.77189333907,3,17.48502994011976,0.5999999999999964,20.0,1953217.4913252015,7.940854515018697,-0.0,ACCEL
W6_vector_01,258.6102567592089,3058.273871418839,3,17.604790419161677,0.6000000000000142,20.0,1966703.3332095628,8.04989772488838,-0.0,ACCEL
W6_vector_01,258.8098575576121,3061.7997537858414,3,17.724550898203592,0.5999999999999964,20.0,1980190.94464088,8.159688750872018,-0.0,ACCEL
W6_vector_01,259.0094583560153,3065.349540440078,3,17.84431137724551,0.6000000000000035,20.0,1993680.3318029696,8.270227691424413,-0.0,ACCEL
W6_vector_01,259.20905915441847,3068.9232313815482,3,17.964071856287426,0.5999999999999964,20.0,2007171.5008793299,8.381514645343207,-0.0,ACCEL
W6_vector_01,259.40865995282167,3072.5208266102527,3,18.08383233532934,0.5999999999999964,20.0,2020664.458053654,8.493549711768893,-0.0,ACCEL
W6_vector_01,259.60826075122486,3076.1423261261907,3,18.203592814371255,0.5999999999999964,20.0,2034159.2095095431,8.606332990184816,-0.0,ACCEL
W6_vector_01,259.807861549628,3079.7877299293627,3,18.323353293413174,0.6000000000000035,20.0,2047655.7614306447,8.719864580417134,-0.0,ACCEL
W6_vector_01,260.0074623480312,3083.457038019769,3,18.44311377245509,0.5999999999999964,20.0,2061154.1200005119,8.83414458263495,-0.0,ACCEL
W6_vector_01,260.2070631464344,3087.150250397409,3,18.562874251497004,0.5999999999999964,20.0,2074654.2914028396,8.949173097350123,-0.0,ACCEL
W6_vector_01,260.4066639448376,3090.8673670622825,3,18.682634730538922,0.6000000000000142,20.0,2088156.2818212882,9.064950225417396,-0.0,ACCEL
W6_vector_01,260.6062647432408,3094.6083880143906,3,18.802395209580837,0.5999999999999858,20.0,2101660.097439266,9.181476068034344,-0.0,ACCEL
W6_vector_01,260.805865541644,3098.373313253732,3,18.922155688622755,0.6000000000000142,20.0,2115165.744440745,9.298750726741417,-0.0,ACCEL
W6_vector_01,261.0054663400472,3102.1621427803075,3,19.04191616766467,0.5999999999999964,20.0,2128673.2290089997,9.416774303421892,-0.0,ACCEL
W6_vector_01,261.2050671384504,3105.974876594117,3,19.161676646706585,0.5999999999999964,20.0,2142182.5573278717,9.535546900301902,-0.0,ACCEL
W6_vector_01,261.40466793685357,3109.8115146951604,3,19.281437125748504,0.6000000000000035,20.0,2155693.73558095,9.65506861995044,-0.0,ACCEL
W6_vector_01,261.60426873525677,3113.6720570834377,3,19.401197604790422,0.6000000000000035,20.0,2169206.7699518083,9.775339565279326,-0.0,ACCEL
W6_vector_01,261.80386953365996,3117.556503758949,3,19.520958083832333,0.5999999999999893,20.0,2182721.666624045,9.896359839543248,-0.0,ACCEL
W6_vector_01,262.00347033206316,3121.4648547216943,3,19.64071856287425,0.6000000000000035,20.0,2196238.4317814354,10.018129546339736,-0.0,ACCEL
W6_vector_01,262.20307113046636,3125.397109971673,3,19.760479041916167,0.6000000000000071,20.0,2209757.0716074645,10.140648789609168,-0.0,ACCEL
W6_vector_01,262.40267192886955,3129.3532695088866,3,19.88023952095808,0.5999999999999858,20.0,2223277.592285706,10.263917673634769,-0.0,ACCEL
W6_vector_01,262.60227272727275,3133.3333333333335,3,20.0,0.6000000000000035,20.0,2236800.000000013,10.387936303042622,-0.0,CRUISE
W6_vector_01,262.8024361259655,3137.3366013071895,3,20.0,0.0,20.0,76800.0,10.392206455548068,-0.0,CRUISE
W6_vector_01,263.00259952465836,3141.3398692810456,3,20.0,0.0,20.0,76800.0,10.396476608053517,-0.0,CRUISE
W6_vector_01,263.2027629233512,3145.343137254902,3,20.0,0.0,20.0,76800.0,10.400746760558963,-0.0,CRUISE
W6_vector_01,263.402926322044,3149.346405228758,3,20.0,0.0,20.0,76800.0,10.40501691306441,-0.0,CRUISE
W6_vector_01,263.60308972073676,3153.349673202614,3,20.0,0.0,20.0,76800.0,10.409287065569856,-0.0,CRUISE
W6_vector_01,263.8032531194296,3157.3529411764707,3,20.0,0.0,20.0,76800.0,10.413557218075304,-0.0,CRUISE
W6_vector_01,264.00341651812244,3161.356209150327,3,20.0,0.0,20.0,76800.0,10.417827370580751,-0.0,CRUISE
W6_vector_01,264.2035799168152,3165.3594771241833,3,20.0,0.0,20.0,76800.0,10.422097523086197,-0.0,CRUISE
W6_vector_01,264.40374331550805,3169.3627450980393,3,20.0,0.0,20.0,76800.0,10.426367675591646,-0.0,CRUISE
W6_vector_01,264.60390671420083,3173.3660130718954,3,20.0,0.0,20.0,76800.0,10.43063782809709,-0.0,CRUISE
W6_vector_01,264.80407011289367,3177.3692810457514,3,20.0,0.0,20.0,76800.0,10.434907980602539,-0.0,CRUISE
W6_vector_01,265.00423351158645,3181.372549019608,3,20.0,0.0,20.0,76800.0,10.439178133107985,-0.0,CRUISE
W6_vector_01,265.2043969102793,3185.375816993464,3,20.0,0.0,20.0,76800.0,10.443448285613433,-0.0,CRUISE
W6_vector_01,265.40456030897207,3189.3790849673205,3,20.0,0.0,20.0,76800.0,10.447718438118878,-0.0,CRUISE
W6_vector_01,265.6047237076649,3193.3823529411766,3,20.0,0.0,20.0,76800.0,10.451988590624326,-0.0,CRUISE
W6_vector_01,265.8048871063577,3197.3856209150326,3,20.0,0.0,20.0,76800.0,10.456258743129773,-0.0,CRUISE
W6_vector_01,266.0050505050505,3201.3888888888887,3,20.0,0.0,20.0,76800.0,10.46052889563522,-0.0,CRUISE
W6_vector_01,266.20521390374336,3205.392156862745,3,20.0,0.0,20.0,76800.0,10.464799048140668,-0.0,CRUISE
W6_vector_01,266.40537730243614,3209.3954248366013,3,20.0,0.0,20.0,76800.0,10.469069200646114,-0.0,CRUISE
W6_vector_01,266.605540701129,3213.3986928104578,3,20.0,0.0,20.0,76800.0,10.47333935315156,-0.0,CRUISE
W6_vector_01,266.80570409982175,3217.401960784314,3,20.0,0.0,20.0,76800.0,10.477609505657007,-0.0,CRUISE
W6_vector_01,267.0058674985146,3221.40522875817,3,20.0,0.0,20.0,76800.0,10.481879658162455,-0.0,CRUISE
W6_vector_01,267.20603089720737,3225.408496732026,3,20.0,0.0,20.0,76800.0,10.486149810667902,-0.0,CRUISE
W6_vector_01,267.4061942959002,3229.4117647058824,3,20.0,0.0,20.0,76800.0,10.490419963173348,-0.0,CRUISE
W6_vector_01,267.606357694593,3233.4150326797385,3,20.0,0.0,20.0,76800.0,10.494690115678795,-0.0,CRUISE
W6_vector_01,267.8065210932858,3237.418300653595,3,20.0,0.0,20.0,76800.0,10.498960268184243,-0.0,CRUISE
W6_vector_01,268.0066844919786,3241.421568627451,3,20.0,0.0,20.0,76800.0,10.503230420689688,-0.0,CRUISE
W6_vector_01,268.20684789067144,3245.424836601307,3,20.0,0.0,20.0,76800.0,10.507500573195136,-0.0,CRUISE
W6_vector_01,268.4070112893642,3249.428104575163,3,20.0,0.0,20.0,76800.0,10.511770725700583,-0.0,CRUISE
W6_vector_01,268.60717468805706,3253.4313725490197,3,20.0,0.0,20.0,76800.0,10.516040878206029,-0.0,CRUISE
W6_vector_01,268.80733808674984,3257.4346405228757,3,20.0,0.0,20.0,76800.0,10.520311030711476,-0.0,CRUISE
W6_vector_01,269.0075014854427,3261.4379084967322,3,20.0,0.0,20.0,76800.0,10.524581183216924,-0.0,CRUISE
W6_vector_01,269.2076648841355,3265.4411764705883,3,20.0,0.0,20.0,76800.0,10.528851335722372,-0.0,CRUISE
W6_vector_01,269.4078282828283,3269.4444444444443,3,20.0,0.0,20.0,76800.0,10.533121488227817,-0.0,CRUISE
W6_vector_01,269.6079916815211,3273.447712418301,3,20.0,0.0,20.0,76800.0,10.537391640733265,-0.0,CRUISE
W6_vector_01,269.8081550802139,3277.450980392157,3,20.0,0.0,20.0,76800.0,10.541661793238712,-0.0,CRUISE
W6_vector_01,270.00831847890674,3281.454248366013,3,20.0,0.0,20.0,76800.0,10.545931945744158,-0.0,CRUISE
W6_vector_01,270.2084818775995,3285.4575163398695,3,20.0,0.0,20.0,76800.0,10.550202098249605,-0.0,CRUISE
W6_vector_01,270.40864527629236,3289.4607843137255,3,20.0,0.0,20.0,76800.0,10.554472250755053,-0.0,CRUISE
W6_vector_01,270.60880867498514,3293.4640522875816,3,20.0,0.0,20.0,76800.0,10.5587424032605,-0.0,CRUISE
W6_vector_01,270.808972073678,3297.467320261438,3,20.0,0.0,20.0,76800.0,10.563012555765946,-0.0,CRUISE
W6_vector_01,271.00913547237076,3301.470588235294,3,20.0,0.0,20.0,76800.0,10.567282708271392,-0.0,CRUISE
W6_vector_01,271.2092988710636,3305.47385620915,3,20.0,0.0,20.0,76800.0,10.57155286077684,-0.0,CRUISE
W6_vector_01,271.40946226975643,3309.4771241830067,3,20.0,0.0,20.0,76800.0,10.575823013282287,-0.0,CRUISE
W6_vector_01,271.6096256684492,3313.4803921568628,3,20.0,0.0,20.0,76800.0,10.580093165787734,-0.0,CRUISE
W6_vector_01,271.809789067142,3317.483660130719,3,20.0,0.0,20.0,76800.0,10.58436331829318,-0.0,CRUISE
W6_vector_01,272.00995246583483,3321.4869281045753,3,20.0,0.0,20.0,76800.0,10.588633470798626,-0.0,CRUISE
W6_vector_01,272.21011586452767,3325.4901960784314,3,20.0,0.0,20.0,76800.0,10.592903623304075,-0.0,CRUISE
W6_vector_01,272.41027926322045,3329.493464052288,3,20.0,0.0,20.0,76800.0,10.597173775809521,-0.0,CRUISE
W6_vector_01,272.6104426619133,3333.496732026144,3,20.0,0.0,20.0,76800.0,10.60144392831497,-0.0,CRUISE
W6_vector_01,272.81060606060606,3337.5,3,20.0,0.0,20.0,76800.0,10.605714080820414,-0.0,CRUISE
W6_vector_01,273.0107694592989,3341.503267973856,3,20.0,0.0,20.0,76800.0,10.609984233325862,-0.0,CRUISE
W6_vector_01,273.2109328579917,3345.5065359477126,3,20.0,0.0,20.0,76800.0,10.614254385831309,-0.0,CRUISE
W6_vector_01,273.4110962566845,3349.5098039215686,3,20.0,0.0,20.0,76800.0,10.618524538336755,-0.0,CRUISE
W6_vector_01,273.6112596553773,3353.513071895425,3,20.0,0.0,20.0,76800.0,10.622794690842202,-0.0,CRUISE
W6_vector_01,273.81142305407013,3357.516339869281,3,20.0,0.0,20.0,76800.0,10.62706484334765,-0.0,CRUISE
W6_vector_01,274.0115864527629,3361.5196078431372,3,20.0,0.0,20.0,76800.0,10.631334995853097,-0.0,CRUISE
W6_vector_01,274.21174985145575,3365.5228758169933,3,20.0,0.0,20.0,76800.0,10.635605148358543,-0.0,CRUISE
W6_vector_01,274.4119132501486,3369.52614379085,3,20.0,0.0,20.0,76800.0,10.639875300863991,-0.0,CRUISE
W6_vector_01,274.61207664884137,3373.529411764706,3,20.0,0.0,20.0,76800.0,10.644145453369438,-0.0,CRUISE
W6_vector_01,274.81224004753415,3377.5326797385624,3,20.0,0.0,20.0,76800.0,10.648415605874883,-0.0,CRUISE
W6_vector_01,275.012403446227,3381.5359477124184,3,20.0,0.0,20.0,76800.0,10.652685758380331,-0.0,CRUISE
W6_vector_01,275.2125668449198,3385.5392156862745,3,20.0,0.0,20.0,76800.0,10.65695591088578,-0.0,CRUISE
W6_vector_01,275.4127302436126,3389.5424836601305,3,20.0,0.0,20.0,76800.0,10.661226063391224,-0.0,CRUISE
W6_vector_01,275.61289364230544,3393.545751633987,3,20.0,0.0,20.0,76800.0,10.665496215896672,-0.0,CRUISE
W6_vector_01,275.8130570409982,3397.549019607843,3,20.0,0.0,20.0,76800.0,10.669766368402119,-0.0,CRUISE
W6_vector_01,276.01322043969105,3401.5522875816996,3,20.0,0.0,20.0,76800.0,10.674036520907567,-0.0,CRUISE
W6_vector_01,276.21338383838383,3405.5555555555557,3,20.0,0.0,20.0,76800.0,10.678306673413012,-0.0,CRUISE
W6_vector_01,276.41354723707667,3409.5588235294117,3,20.0,0.0,20.0,76800.0,10.68257682591846,-0.0,CRUISE
W6_vector_01,276.61371063576945,3413.5620915032678,3,20.0,0.0,20.0,76800.0,10.686846978423906,-0.0,CRUISE
W6_vector_01,276.8138740344623,3417.5653594771243,3,20.0,0.0,20.0,76800.0,10.691117130929353,-0.0,CRUISE
W6_vector_01,277.01403743315507,3421.5686274509803,3,20.0,0.0,20.0,76800.0,10.6953872834348,-0.0,CRUISE
W6_vector_01,277.2142008318479,3425.571895424837,3,20.0,0.0,20.0,76800.0,10.699657435940248,-0.0,CRUISE
W6_vector_01,277.41436423054074,3429.575163398693,3,20.0,0.0,20.0,76800.0,10.703927588445696,-0.0,CRUISE
W6_vector_01,277.6145276292335,3433.578431372549,3,20.0,0.0,20.0,76800.0,10.70819774095114,-0.0,CRUISE
W6_vector_01,277.81469102792636,3437.581699346405,3,20.0,0.0,20.0,76800.0,10.712467893456589,-0.0,CRUISE
W6_vector_01,278.01485442661914,3441.5849673202615,3,20.0,0.0,20.0,76800.0,10.716738045962035,-0.0,CRUISE
W6_vector_01,278.215017825312,3445.5882352941176,3,20.0,0.0,20.0,76800.0,10.721008198467482,-0.0,CRUISE
W6_vector_01,278.41518122400475,3449.591503267974,3,20.0,0.0,20.0,76800.0,10.725278350972928,-0.0,CRUISE
W6_vector_01,278.6153446226976,3453.59477124183,3,20.0,0.0,20.0,76800.0,10.729548503478377,-0.0,CRUISE
W6_vector_01,278.8155080213904,3457.598039215686,3,20.0,0.0,20.0,76800.0,10.733818655983821,-0.0,CRUISE
W6_vector_01,279.0156714200832,3461.6013071895422,3,20.0,0.0,20.0,76800.0,10.73808880848927,-0.0,CRUISE
W6_vector_01,279.215834818776,3465.6045751633987,3,20.0,0.0,20.0,76800.0,10.742358960994716,-0.0,CRUISE
W6_vector_01,279.4159982174688,3469.607843137255,3,20.0,0.0,20.0,76800.0,10.746629113500164,-0.0,CRUISE
W6_vector_01,279.6161616161616,3473.6111111111113,3,20.0,0.0,20.0,76800.0,10.750899266005609,-0.0,CRUISE
W6_vector_01,279.81632501485444,3477.6143790849674,3,20.0,0.0,20.0,76800.0,10.755169418511057,-0.0,CRUISE
W6_vector_01,280.0164884135472,3481.6176470588234,3,20.0,0.0,20.0,76800.0,10.759439571016504,-0.0,CRUISE
W6_vector_01,280.21665181224006,3485.6209150326795,3,20.0,0.0,20.0,76800.0,10.76370972352195,-0.0,CRUISE
W6_vector_01,280.4168152109329,3489.624183006536,3,20.0,0.0,20.0,76800.0,10.767979876027399,-0.0,CRUISE
W6_vector_01,280.6169786096257,3493.627450980392,3,20.0,0.0,20.0,76800.0,10.772250028532845,-0.0,CRUISE
W6_vector_01,280.8171420083185,3497.6307189542486,3,20.0,0.0,20.0,76800.0,10.776520181038293,-0.0,CRUISE
W6_vector_01,281.0173054070113,3501.6339869281046,3,20.0,0.0,20.0,76800.0,10.780790333543738,-0.0,CRUISE
W6_vector_01,281.21746880570413,3505.6372549019607,3,20.0,0.0,20.0,76800.0,10.785060486049186,-0.0,CRUISE
W6_vector_01,281.4176322043969,3509.640522875817,3,20.0,0.0,20.0,76800.0,10.789330638554633,-0.0,CRUISE
W6_vector_01,281.61779560308975,3513.643790849673,3,20.0,0.0,20.0,76800.0,10.79360079106008,-0.0,CRUISE
W6_vector_01,281.8179590017825,3517.6470588235297,3,20.0,0.0,20.0,76800.0,10.797870943565526,-0.0,CRUISE
W6_vector_01,282.01812240047536,3521.650326797386,3,20.0,0.0,20.0,76800.0,10.802141096070974,-0.0,CRUISE
W6_vector_01,282.21828579916814,3525.653594771242,3,20.0,0.0,20.0,76800.0,10.806411248576419,-0.0,CRUISE
W6_vector_01,282.418449197861,3529.656862745098,3,20.0,0.0,20.0,76800.0,10.810681401081867,-0.0,CRUISE
W6_vector_01,282.6186125965538,3533.660130718954,3,20.0,0.0,20.0,76800.0,10.814951553587315,-0.0,CRUISE
W6_vector_01,282.8187759952466,3537.6633986928105,3,20.0,0.0,20.0,76800.0,10.819221706092762,-0.0,CRUISE
W6_vector_01,283.0189393939394,3541.6666666666665,3,20.0,0.0,20.0,76800.0,10.823491858598207,-0.0,CRUISE
W6_vector_01,283.2191027926322,3545.669934640523,3,20.0,0.0,20.0,76800.0,10.827762011103655,-0.0,CRUISE
W6_vector_01,283.41926619132505,3549.673202614379,3,20.0,0.0,20.0,76800.0,10.832032163609103,-0.0,CRUISE
W6_vector_01,283.61942959001783,3553.676470588235,3,20.0,0.0,20.0,76800.0,10.836302316114548,-0.0,CRUISE
W6_vector_01,283.81959298871067,3557.679738562091,3,20.0,0.0,20.0,76800.0,10.840572468619996,-0.0,CRUISE
W6_vector_01,284.01975638740345,3561.6830065359477,3,20.0,0.0,20.0,76800.0,10.844842621125443,-0.0,CRUISE
W6_vector_01,284.2199197860963,3565.686274509804,3,20.0,0.0,20.0,76800.0,10.84911277363089,-0.0,CRUISE
W6_vector_01,284.42008318478906,3569.6895424836603,3,20.0,0.0,20.0,76800.0,10.853382926136335,-0.0,CRUISE
W6_vector_01,284.6202465834819,3573.6928104575163,3,20.0,0.0,20.0,76800.0,10.857653078641784,-0.0,CRUISE
W6_vector_01,284.8204099821747,3577.6960784313724,3,20.0,0.0,20.0,76800.0,10.86192323114723,-0.0,CRUISE
W6_vector_01,285.0205733808675,3581.699346405229,3,20.0,0.0,20.0,76800.0,10.866193383652677,-0.0,CRUISE
W6_vector_01,285.2207367795603,3585.702614379085,3,20.0,0.0,20.0,76800.0,10.870463536158123,-0.0,CRUISE
W6_vector_01,285.42090017825313,3589.7058823529414,3,20.0,0.0,20.0,76800.0,10.874733688663571,-0.0,CRUISE
W6_vector_01,285.62106357694597,3593.7091503267975,3,20.0,0.0,20.0,76800.0,10.87900384116902,-0.0,CRUISE
W6_vector_01,285.82122697563875,3597.7124183006536,3,20.0,0.0,20.0,76800.0,10.883273993674464,-0.0,CRUISE
W6_vector_01,286.02139037433153,3601.7156862745096,3,20.0,0.0,20.0,76800.0,10.887544146179911,-0.0,CRUISE
W6_vector_01,286.22155377302437,3605.718954248366,3,20.0,0.0,20.0,76800.0,10.89181429868536,-0.0,CRUISE
W6_vector_01,286.4217171717172,3609.722222222222,3,20.0,0.0,20.0,76800.0,10.896084451190806,-0.0,CRUISE
W6_vector_01,286.62188057041,3613.7254901960787,3,20.0,0.0,20.0,76800.0,10.900354603696252,-0.0,CRUISE
W6_vector_01,286.8220439691028,3617.7287581699347,3,20.0,0.0,20.0,76800.0,10.9046247562017,-0.0,CRUISE
W6_vector_01,287.0222073677956,3621.732026143791,3,20.0,0.0,20.0,76800.0,10.908894908707145,-0.0,CRUISE
W6_vector_01,287.22237076648844,3625.735294117647,3,20.0,0.0,20.0,76800.0,10.913165061212593,-0.0,CRUISE
W6_vector_01,287.4225341651812,3629.7385620915034,3,20.0,0.0,20.0,76800.0,10.91743521371804,-0.0,CRUISE
W6_vector_01,287.62269756387406,3633.7418300653594,3,20.0,0.0,20.0,76800.0,10.921705366223488,-0.0,CRUISE
W6_vector_01,287.82286096256684,3637.745098039216,3,20.0,0.0,20.0,76800.0,10.925975518728933,-0.0,CRUISE
W6_vector_01,288.0230243612597,3641.748366013072,3,20.0,0.0,20.0,76800.0,10.930245671234381,-0.0,CRUISE
W6_vector_01,288.22318775995245,3645.751633986928,3,20.0,0.0,20.0,76800.0,10.934515823739828,-0.0,CRUISE
W6_vector_01,288.4233511586453,3649.754901960784,3,20.0,0.0,20.0,76800.0,10.938785976245274,-0.0,CRUISE
W6_vector_01,288.6235145573381,3653.7581699346406,3,20.0,0.0,20.0,76800.0,10.943056128750722,-0.0,CRUISE
W6_vector_01,288.8236779560309,3657.7614379084966,3,20.0,0.0,20.0,76800.0,10.947326281256169,-0.0,CRUISE
W6_vector_01,289.0238413547237,3661.764705882353,3,20.0,0.0,20.0,76800.0,10.951596433761614,-0.0,CRUISE
W6_vector_01,289.2240047534165,3665.767973856209,3,20.0,0.0,20.0,76800.0,10.955866586267062,-0.0,CRUISE
W6_vector_01,289.42416815210936,3669.7712418300653,3,20.0,0.0,20.0,76800.0,10.96013673877251,-0.0,CRUISE
W6_vector_01,289.62433155080214,3673.7745098039213,3,20.0,0.0,20.0,76800.0,10.964406891277957,-0.0,CRUISE
W6_vector_01,289.824494949495,3677.777777777778,3,20.0,0.0,20.0,76800.0,10.968677043783403,-0.0,CRUISE
W6_vector_01,290.02465834818776,3681.781045751634,3,20.0,0.0,20.0,76800.0,10.97294719628885,-0.0,CRUISE
W6_vector_01,290.2248217468806,3685.7843137254904,3,20.0,0.0,20.0,76800.0,10.977217348794298,-0.0,CRUISE
W6_vector_01,290.4249851455734,3689.7875816993464,3,20.0,0.0,20.0,76800.0,10.981487501299743,-0.0,CRUISE
W6_vector_01,290.6251485442662,3693.7908496732025,3,20.0,0.0,20.0,76800.0,10.98575765380519,-0.0,CRUISE
W6_vector_01,290.825311942959,3697.7941176470586,3,20.0,0.0,20.0,76800.0,10.990027806310637,-0.0,CRUISE
W6_vector_01,291.0254753416518,3701.797385620915,3,20.0,0.0,20.0,76800.0,10.994297958816086,-0.0,CRUISE
W6_vector_01,291.2256387403446,3705.800653594771,3,20.0,0.0,20.0,76800.0,10.99856811132153,-0.0,CRUISE
W6_vector_01,291.42580213903744,3709.8039215686276,3,20.0,0.0,20.0,76800.0,11.002838263826979,-0.0,CRUISE
W6_vector_01,291.6259655377303,3713.8071895424837,3,20.0,0.0,20.0,76800.0,11.007108416332427,-0.0,CRUISE
W6_vector_01,291.82612893642306,3717.8104575163397,3,20.0,0.0,20.0,76800.0,11.011378568837872,-0.0,CRUISE
W6_vector_01,292.0262923351159,3721.8137254901962,3,20.0,0.0,20.0,76800.0,11.01564872134332,-0.0,CRUISE
W6_vector_01,292.2264557338087,3725.8169934640523,3,20.0,0.0,20.0,76800.0,11.019918873848766,-0.0,CRUISE
W6_vector_01,292.4266191325015,3729.8202614379084,3,20.0,0.0,20.0,76800.0,11.024189026354215,-0.0,CRUISE
W6_vector_01,292.6267825311943,3733.823529411765,3,20.0,0.0,20.0,76800.0,11.02845917885966,-0.0,CRUISE
W6_vector_01,292.82694592988713,3737.826797385621,3,20.0,0.0,20.0,76800.0,11.032729331365108,-0.0,CRUISE
W6_vector_01,293.0271093285799,3741.830065359477,3,20.0,0.0,20.0,76800.0,11.036999483870554,-0.0,CRUISE
W6_vector_01,293.22727272727275,3745.833333333333,3,20.0,0.0,20.0,76800.0,11.041269636376,-0.0,CRUISE
W6_vector_01,293.4274361259655,3749.8366013071895,3,20.0,0.0,20.0,76800.0,11.045539788881447,-0.0,CRUISE
W6_vector_01,293.62759952465836,3753.8398692810456,3,20.0,0.0,20.0,76800.0,11.049809941386895,-0.0,CRUISE
W6_vector_01,293.8277629233512,3757.843137254902,3,20.0,0.0,20.0,76800.0,11.054080093892344,-0.0,CRUISE
W6_vector_01,294.027926322044,3761.846405228758,3,20.0,0.0,20.0,76800.0,11.058350246397788,-0.0,CRUISE
W6_vector_01,294.22808972073676,3765.849673202614,3,20.0,0.0,20.0,76800.0,11.062620398903235,-0.0,CRUISE
W6_vector_01,294.4282531194296,3769.8529411764707,3,20.0,0.0,20.0,76800.0,11.066890551408683,-0.0,CRUISE
W6_vector_01,294.62841651812244,3773.856209150327,3,20.0,0.0,20.0,76800.0,11.07116070391413,-0.0,CRUISE
W6_vector_01,294.8285799168152,3777.859477124183,3,20.0,0.0,20.0,76800.0,11.075430856419576,-0.0,CRUISE
W6_vector_01,295.028743315508,3781.8627450980393,3,20.0,0.0,20.0,76800.0,11.079701008925023,-0.0,CRUISE
W6_vector_01,295.22890671420083,3785.8660130718954,3,20.0,0.0,20.0,76800.0,11.083971161430469,-0.0,CRUISE
W6_vector_01,295.42907011289367,3789.8692810457514,3,20.0,0.0,20.0,76800.0,11.088241313935917,-0.0,CRUISE
W6_vector_01,295.62923351158645,3793.872549019608,3,20.0,0.0,20.0,76800.0,11.092511466441364,-0.0,CRUISE
W6_vector_01,295.8293969102793,3797.875816993464,3,20.0,0.0,20.0,76800.0,11.096781618946812,-0.0,CRUISE
W6_vector_01,296.0295603089721,3801.8790849673205,3,20.0,0.0,20.0,76800.0,11.101051771452259,-0.0,CRUISE
W6_vector_01,296.2297237076649,3805.8823529411766,3,20.0,0.0,20.0,76800.0,11.105321923957705,-0.0,CRUISE
W6_vector_01,296.4298871063577,3809.8856209150326,3,20.0,0.0,20.0,76800.0,11.109592076463151,-0.0,CRUISE
W6_vector_01,296.6300505050505,3813.8888888888887,3,20.0,0.0,20.0,76800.0,11.113862228968598,-0.0,CRUISE
W6_vector_01,296.83021390374336,3817.892156862745,3,20.0,0.0,20.0,76800.0,11.118132381474046,-0.0,CRUISE
W6_vector_01,297.03037730243614,3821.8954248366013,3,20.0,0.0,20.0,76800.0,11.122402533979493,-0.0,CRUISE
W6_vector_01,297.2305407011289,3825.8986928104573,3,20.0,0.0,20.0,76800.0,11.126672686484937,-0.0,CRUISE
W6_vector_01,297.43070409982175,3829.901960784314,3,20.0,0.0,20.0,76800.0,11.130942838990386,-0.0,CRUISE
W6_vector_01,297.6308674985146,3833.90522875817,3,20.0,0.0,20.0,76800.0,11.135212991495834,-0.0,CRUISE
W6_vector_01,297.83103089720737,3837.908496732026,3,20.0,0.0,20.0,76800.0,11.13948314400128,-0.0,CRUISE
W6_vector_01,298.03119429590015,3841.9117647058824,3,20.0,0.0,20.0,76800.0,11.143753296506725,-0.0,CRUISE
W6_vector_01,298.231357694593,3845.9150326797385,3,20.0,0.0,20.0,76800.0,11.148023449012173,-0.0,CRUISE
W6_vector_01,298.4315210932858,3849.918300653595,3,20.0,0.0,20.0,76800.0,11.152293601517622,-0.0,CRUISE
W6_vector_01,298.6316844919786,3853.921568627451,3,20.0,0.0,20.0,76800.0,11.156563754023066,-0.0,CRUISE
W6_vector_01,298.83184789067144,3857.924836601307,3,20.0,0.0,20.0,76800.0,11.160833906528515,-0.0,CRUISE
W6_vector_01,299.0320112893643,3861.928104575163,3,20.0,0.0,20.0,76800.0,11.165104059033963,-0.0,CRUISE
W6_vector_01,299.23217468805706,3865.9313725490197,3,20.0,0.0,20.0,76800.0,11.16937421153941,-0.0,CRUISE
W6_vector_01,299.43233808674984,3869.9346405228757,3,20.0,0.0,20.0,76800.0,11.173644364044854,-0.0,CRUISE
W6_vector_01,299.6325014854427,3873.9379084967322,3,20.0,0.0,20.0,76800.0,11.177914516550302,-0.0,CRUISE
W6_vector_01,299.8326648841355,3877.9411764705883,3,20.0,0.0,20.0,76800.0,11.18218466905575,-0.0,CRUISE
W6_vector_01,300.0328282828283,3881.9444444444443,3,20.0,0.0,20.0,76800.0,11.186454821561195,-0.0,CRUISE
W6_vector_01,300.23299168152107,3885.947712418301,3,20.0,0.0,20.0,76800.0,11.190724974066642,-0.0,CRUISE
W6_vector_01,300.4331550802139,3889.950980392157,3,20.0,0.0,20.0,76800.0,11.19499512657209,-0.0,CRUISE
W6_vector_01,300.63331847890674,3893.954248366013,3,20.0,0.0,20.0,76800.0,11.199265279077538,-0.0,CRUISE
W6_vector_01,300.8334818775995,3897.957516339869,3,20.0,0.0,20.0,76800.0,11.203535431582983,-0.0,CRUISE
W6_vector_01,301.03364527629236,3901.9607843137255,3,20.0,0.0,20.0,76800.0,11.207805584088431,-0.0,CRUISE
W6_vector_01,301.23380867498514,3905.9640522875816,3,20.0,0.0,20.0,76800.0,11.212075736593878,-0.0,CRUISE
W6_vector_01,301.433972073678,3909.9673202614376,3,20.0,0.0,20.0,76800.0,11.216345889099324,-0.0,CRUISE
W6_vector_01,301.63413547237076,3913.970588235294,3,20.0,0.0,20.0,76800.0,11.22061604160477,-0.0,CRUISE
W6_vector_01,301.8342988710636,3917.97385620915,3,20.0,0.0,20.0,76800.0,11.22488619411022,-0.0,CRUISE
W6_vector_01,302.03446226975643,3921.9771241830067,3,20.0,0.0,20.0,76800.0,11.229156346615667,-0.0,CRUISE
W6_vector_01,302.2346256684492,3925.9803921568628,3,20.0,0.0,20.0,76800.0,11.233426499121112,-0.0,CRUISE
W6_vector_01,302.434789067142,3929.983660130719,3,20.0,0.0,20.0,76800.0,11.237696651626559,-0.0,CRUISE
W6_vector_01,302.63495246583483,3933.986928104575,3,20.0,0.0,20.0,76800.0,11.241966804132007,-0.0,CRUISE
W6_vector_01,302.83511586452767,3937.9901960784314,3,20.0,0.0,20.0,76800.0,11.246236956637453,-0.0,CRUISE
W6_vector_01,303.03527926322045,3941.9934640522874,3,20.0,0.0,20.0,76800.0,11.2505071091429,-0.0,CRUISE
W6_vector_01,303.2354426619132,3945.996732026144,3,20.0,0.0,20.0,76800.0,11.254777261648346,-0.0,CRUISE
W6_vector_01,303.43560606060606,3950.0,3,20.0,0.0,20.0,76800.0,11.259047414153793,-0.0,BRAKE
W6_vector_01,303.63721896383186,3954.015998959417,3,19.838709677419356,-0.7999999999999894,20.0,-2780766.027491486,11.259047414153793,0.05450650255499317,BRAKE
W6_vector_01,303.8388318670577,3957.9994797086365,3,19.677419354838708,-0.800000000000007,20.0,-2758328.6361653097,11.259047414153793,0.10857320409274346,BRAKE
W6_vector_01,304.0404447702835,3961.9504422476584,3,19.516129032258064,-0.7999999999999894,20.0,-2735887.8411264773,11.259047414153793,0.16220003789618243,BRAKE
W6_vector_01,304.2420576735093,3965.8688865764825,3,19.35483870967742,-0.7999999999999894,20.0,-2713443.65748041,11.259047414153793,0.21538693754437258,BRAKE
W6_vector_01,304.4436705767351,3969.754812695109,3,19.193548387096776,-0.7999999999999894,20.0,-2690996.1003322783,11.259047414153793,0.2681338369124414,BRAKE
W6_vector_01,304.6452834799609,3973.608220603538,3,19.032258064516128,-0.8000000000000634,20.0,-2668545.184787569,11.259047414153793,0.32044067017160305,BRAKE
W6_vector_01,304.84689638318673,3977.429110301769,3,18.870967741935484,-0.7999999999999894,20.0,-2646090.925950754,11.259047414153793,0.37230737178915263,BRAKE
W6_vector_01,305.0485092864125,3981.217481789802,3,18.70967741935484,-0.7999999999999894,20.0,-2623633.3389278282,11.259047414153793,0.4237338765284381,BRAKE
W6_vector_01,305.2501221896383,3984.973335067638,3,18.548387096774192,-0.800000000000007,20.0,-2601172.4388238294,11.259047414153793,0.47472011944892883,BRAKE
W6_vector_01,305.4517350928641,3988.696670135276,3,18.387096774193548,-0.7999999999999894,20.0,-2578708.2407438136,11.259047414153793,0.5252660359061576,BRAKE
W6_vector_01,305.6533479960899,3992.387486992716,3,18.225806451612904,-0.7999999999999894,20.0,-2556240.759793191,11.259047414153793,0.5753715615517423,BRAKE
W6_vector_01,305.85496089931576,3996.0457856399585,3,18.06451612903226,-0.7999999999999894,20.0,-2533770.0110771367,11.259047414153793,0.625036632333395,BRAKE
W6_vector_01,306.05657380254155,3999.6715660770033,3,17.903225806451612,-0.800000000000007,20.0,-2511296.009700939,11.259047414153793,0.6742611844948686,BRAKE
W6_vector_01,306.25818670576734,4003.26482830385,3,17.741935483870968,-0.7999999999999894,20.0,-2488818.7707696613,11.259047414153793,0.723045154576036,BRAKE
W6_vector_01,306.4597996089932,4006.8255723204993,3,17.580645161290324,-0.7999999999999894,20.0,-2466338.309388708,11.259047414153793,0.7713884794128548,BRAKE
W6_vector_01,306.66141251221893,4010.353798126951,3,17.419354838709676,-0.8000000000000634,20.0,-2443854.640663486,11.259047414153793,0.819291096137313,BRAKE
W6_vector_01,306.8630254154448,4013.849505723205,3,17.258064516129032,-0.7999999999999894,20.0,-2421367.7796985335,11.259047414153793,0.8667529421775613,BRAKE
W6_vector_01,307.0646383186706,4017.312695109261,3,17.096774193548388,-0.7999999999999894,20.0,-2398877.741599779,11.259047414153793,0.913773955257751,BRAKE
W6_vector_01,307.26625122189637,4020.74336628512,3,16.935483870967744,-0.7999999999999894,20.0,-2376384.5414722245,11.259047414153793,0.9603540733981646,BRAKE
W6_vector_01,307.4678641251222,4024.14151925078,3,16.774193548387096,-0.800000000000007,20.0,-2353888.1944211554,11.259047414153793,1.0064932349151663,BRAKE
W6_vector_01,307.669477028348,4027.5071540062436,3,16.612903225806452,-0.7999999999999894,20.0,-2331388.7155516446,11.259047414153793,1.05219137842116,BRAKE
W6_vector_01,307.8710899315738,4030.840270551509,3,16.451612903225808,-0.7999999999999894,20.0,-2308886.1199690867,11.259047414153793,1.0974484428246731,BRAKE
W6_vector_01,308.0727028347996,4034.1408688865768,3,16.29032258064516,-0.800000000000007,20.0,-2286380.422778712,11.259047414153793,1.1422643673303015,BRAKE
W6_vector_01,308.2743157380254,4037.4089490114466,3,16.129032258064516,-0.7999999999999894,20.0,-2263871.6390855988,11.259047414153793,1.1866390914387195,BRAKE
W6_vector_01,308.47592864125124,4040.6445109261185,3,15.967741935483872,-0.7999999999999894,20.0,-2241359.7839951357,11.259047414153793,1.2305725549466981,BRAKE
W6_vector_01,308.67754154447704,4043.847554630593,3,15.806451612903226,-0.8000000000000547,20.0,-2218844.8726126896,11.259047414153793,1.2740646979470562,BRAKE
W6_vector_01,308.87915444770283,4047.01808012487,3,15.64516129032258,-0.7999999999999983,20.0,-2196326.920042961,11.259047414153793,1.3171154608287199,BRAKE
W6_vector_01,309.0807673509286,4050.156087408949,3,15.483870967741936,-0.7999999999999894,20.0,-2173805.941391666,11.259047414153793,1.3597247842766944,BRAKE
W6_vector_01,309.2823802541544,4053.2615764828306,3,15.32258064516129,-0.7999999999999983,20.0,-2151281.9517639508,11.259047414153793,1.401892609272065,BRAKE
W6_vector_01,309.48399315738027,4056.3345473465142,3,15.161290322580644,-0.7999999999999983,20.0,-2128754.9662649743,11.259047414153793,1.443618877092008,BRAKE
W6_vector_01,309.68560606060606,4059.375,3,15.0,-0.7999999999999894,20.0,-2106224.999999971,11.259047414153793,1.4849035293097468,BRAKE
W6_vector_01,309.88721896383186,4062.382934443288,3,14.838709677419356,-0.7999999999999894,20.0,-2083692.0680742222,11.259047414153793,1.5257465077946222,BRAKE
W6_vector_01,310.0888318670577,4065.358350676379,3,14.67741935483871,-0.7999999999999983,20.0,-2061156.1855929596,11.259047414153793,1.5661477547120557,BRAKE
W6_vector_01,310.2904447702835,4068.3012486992716,3,14.516129032258064,-0.7999999999999983,20.0,-2038617.3676613697,11.259047414153793,1.6061072125235158,BRAKE
W6_vector_01,310.4920576735093,4071.2116285119664,3,14.35483870967742,-0.7999999999999894,20.0,-2016075.6293846862,11.259047414153793,1.6456248239865867,BRAKE
W6_vector_01,310.6936705767351,4074.089490114464,3,14.193548387096774,-0.8000000000000547,20.0,-1993530.985868355,11.259047414153793,1.6847005321549267,BRAKE
W6_vector_01,310.8952834799609,4076.934833506764,3,14.032258064516128,-0.7999999999999983,20.0,-1970983.4522171079,11.259047414153793,1.7233342803782659,BRAKE
W6_vector_01,311.09689638318673,4079.747658688866,3,13.870967741935484,-0.7999999999999894,20.0,-1948433.0435366118,11.259047414153793,1.761526012302435,BRAKE
W6_vector_01,311.2985092864125,4082.52796566077,3,13.70967741935484,-0.7999999999999894,20.0,-1925879.7749320003,11.259047414153793,1.7992756718693124,BRAKE
W6_vector_01,311.5001221896383,4085.275754422477,3,13.548387096774192,-0.800000000000007,20.0,-1903323.6615085264,11.259047414153793,1.8365832033168896,BRAKE
W6_vector_01,311.7017350928641,4087.9910249739855,3,13.387096774193548,-0.7999999999999894,20.0,-1880764.7183712944,11.259047414153793,1.873448551179228,BRAKE
W6_vector_01,311.9033479960899,4090.6737773152963,3,13.225806451612904,-0.7999999999999894,20.0,-1858202.960625667,11.259047414153793,1.9098716602864716,BRAKE
W6_vector_01,312.10496089931576,4093.3240114464097,3,13.06451612903226,-0.7999999999999894,20.0,-1835638.403376834,11.259047414153793,1.9458524757648559,BRAKE
W6_vector_01,312.30657380254155,4095.9417273673257,3,12.903225806451612,-0.800000000000007,20.0,-1813071.0617300693,11.259047414153793,1.9813909430366685,BRAKE
W6_vector_01,312.50818670576734,4098.526925078044,3,12.741935483870968,-0.7999999999999894,20.0,-1790500.9507904826,11.259047414153793,2.016487007820306,BRAKE
W6_vector_01,312.7097996089932,4101.079604578564,3,12.580645161290324,-0.7999999999999894,20.0,-1767928.0856634316,11.259047414153793,2.051140616130249,BRAKE
W6_vector_01,312.91141251221893,4103.599765868887,3,12.419354838709678,-0.8000000000000547,20.0,-1745352.4814542527,11.259047414153793,2.0853517142770213,BRAKE
W6_vector_01,313.1130254154448,4106.087408949012,3,12.258064516129032,-0.7999999999999983,20.0,-1722774.1532677615,11.259047414153793,2.1191202488672904,BRAKE
W6_vector_01,313.3146383186706,4108.542533818939,3,12.096774193548388,-0.7999999999999894,20.0,-1700193.1162095703,11.259047414153793,2.152446166803744,BRAKE
W6_vector_01,313.51625122189637,4110.965140478668,3,11.935483870967742,-0.7999999999999983,20.0,-1677609.3853848442,11.259047414153793,2.1853294152851874,BRAKE
W6_vector_01,313.7178641251222,4113.3552289282,3,11.774193548387098,-0.7999999999999894,20.0,-1655022.975898739,11.259047414153793,2.2177699418065075,BRAKE
W6_vector_01,313.919477028348,4115.712799167533,3,11.612903225806452,-0.7999999999999983,20.0,-1632433.9028565637,11.259047414153793,2.2497676941586446,BRAKE
W6_vector_01,314.1210899315738,4118.03785119667,3,11.451612903225806,-0.7999999999999983,20.0,-1609842.181363495,11.259047414153793,2.2813226204286483,BRAKE
W6_vector_01,314.3227028347996,4120.330385015609,3,11.290322580645162,-0.7999999999999894,20.0,-1587247.8265247678,11.259047414153793,2.3124346689996407,BRAKE
W6_vector_01,314.5243157380254,4122.590400624349,3,11.129032258064516,-0.7999999999999983,20.0,-1564650.853445668,11.259047414153793,2.3431037885508252,BRAKE
W6_vector_01,314.72592864125124,4124.817898022893,3,10.967741935483872,-0.8000000000000458,20.0,-1542051.277231469,11.259047414153793,2.373329928057497,BRAKE
W6_vector_01,314.92754154447704,4127.012877211238,3,10.806451612903226,-0.7999999999999983,20.0,-1519449.1129871404,11.259047414153793,2.403113036791002,BRAKE
W6_vector_01,315.12915444770283,4129.175338189386,3,10.64516129032258,-0.7999999999999983,20.0,-1496844.3758181965,11.259047414153793,2.4324530643187985,BRAKE
W6_vector_01,315.3307673509286,4131.305280957336,3,10.483870967741936,-0.7999999999999894,20.0,-1474237.0808297608,11.259047414153793,2.461349960504416,BRAKE
W6_vector_01,315.5323802541544,4133.402705515088,3,10.32258064516129,-0.7999999999999983,20.0,-1451627.2431271155,11.259047414153793,2.4898036755074657,BRAKE
W6_vector_01,315.73399315738027,4135.467611862643,3,10.161290322580646,-0.7999999999999894,20.0,-1429014.8778154282,11.259047414153793,2.517814159783648,BRAKE
W6_vector_01,315.93560606060606,4137.5,3,10.0,-0.7999999999999983,20.0,-1406399.9999999967,11.259047414153793,2.5453813640847214,BRAKE
W6_vector_01,316.13721896383186,4139.499869927159,3,9.838709677419354,-0.7999999999999983,20.0,-1383782.6247860058,11.259047414153793,2.572505239458549,BRAKE
W6_vector_01,316.3388318670577,4141.46722164412,3,9.67741935483871,-0.7999999999999894,20.0,-1361162.76727869,11.259047414153793,2.5991857372490763,BRAKE
W6_vector_01,316.5404447702835,4143.402055150885,3,9.516129032258064,-0.7999999999999983,20.0,-1338540.4425833274,11.259047414153793,2.625422809096306,BRAKE
W6_vector_01,316.7420576735093,4145.30437044745,3,9.35483870967742,-0.7999999999999894,20.0,-1315915.6658050912,11.259047414153793,2.6512164069363453,BRAKE
W6_vector_01,316.9436705767351,4147.174167533819,3,9.193548387096774,-0.8000000000000547,20.0,-1293288.4520493671,11.259047414153793,2.6765664830013796,BRAKE
W6_vector_01,317.1452834799609,4149.01144640999,3,9.032258064516128,-0.7999999999999983,20.0,-1270658.8164210636,11.259047414153793,2.701472989819667,BRAKE
W6_vector_01,317.34689638318673,4150.816207075963,3,8.870967741935484,-0.7999999999999894,20.0,-1248026.7740256956,11.259047414153793,2.725935880215561,BRAKE
W6_vector_01,317.5485092864125,4152.588449531738,3,8.70967741935484,-0.7999999999999894,20.0,-1225392.33996843,11.259047414153793,2.7499551073094746,BRAKE
W6_vector_01,317.7501221896383,4154.328173777316,3,8.548387096774192,-0.800000000000007,20.0,-1202755.5293545136,11.259047414153793,2.773530624517923,BRAKE
W6_vector_01,317.9517350928641,4156.035379812695,3,8.387096774193548,-0.7999999999999894,20.0,-1180116.357289098,11.259047414153793,2.796662385553494,BRAKE
W6_vector_01,318.1533479960899,4157.710067637878,3,8.225806451612904,-0.7999999999999894,20.0,-1157474.8388774977,11.259047414153793,2.8193503444248593,BRAKE
W6_vector_01,318.35496089931576,4159.352237252861,3,8.064516129032258,-0.7999999999999983,20.0,-1134830.989224931,11.259047414153793,2.8415944554367774,BRAKE
W6_vector_01,318.55657380254155,4160.961888657648,3,7.903225806451614,-0.7999999999999894,20.0,-1112184.8234365934,11.259047414153793,2.86339467319007,BRAKE
W6_vector_01,318.75818670576734,4162.539021852237,3,7.741935483870968,-0.7999999999999983,20.0,-1089536.356617768,11.259047414153793,2.884750952581658,BRAKE
W6_vector_01,318.9597996089932,4164.083636836629,3,7.580645161290322,-0.7999999999999983,20.0,-1066885.6038736505,11.259047414153793,2.905663248804544,BRAKE
W6_vector_01,319.16141251221893,4165.595733610822,3,7.419354838709678,-0.8000000000000458,20.0,-1044232.5803095505,11.259047414153793,2.926131517347791,BRAKE
W6_vector_01,319.3630254154448,4167.075312174818,3,7.258064516129032,-0.7999999999999983,20.0,-1021577.3010305102,11.259047414153793,2.9461557139965793,BRAKE
W6_vector_01,319.5646383186706,4168.522372528616,3,7.096774193548386,-0.7999999999999983,20.0,-998919.7811419531,11.259047414153793,2.965735794832134,BRAKE
W6_vector_01,319.76625122189637,4169.9369146722165,3,6.935483870967744,-0.7999999999999806,20.0,-976260.0357490277,11.259047414153793,2.984871716231783,BRAKE
W6_vector_01,319.9678641251222,4171.318938605619,3,6.774193548387096,-0.800000000000007,20.0,-953598.0799570425,11.259047414153793,3.0035634348689375,BRAKE
W6_vector_01,320.169477028348,4172.668444328824,3,6.61290322580645,-0.7999999999999983,20.0,-930933.9288711334,11.259047414153793,3.021810907713073,BRAKE
W6_vector_01,320.3710899315738,4173.985431841831,3,6.451612903225808,-0.7999999999999806,20.0,-908267.5975965672,11.259047414153793,3.0396140920297605,BRAKE
W6_vector_01,320.5727028347996,4175.269901144641,3,6.29032258064516,-0.800000000000007,20.0,-885599.101238637,11.259047414153793,3.056972945380651,BRAKE
W6_vector_01,320.7743157380254,4176.5218522372525,3,6.129032258064518,-0.7999999999999806,20.0,-862928.4549024663,11.259047414153793,3.073887425623474,BRAKE
W6_vector_01,320.97592864125124,4177.741285119667,3,5.967741935483872,-0.8000000000000547,20.0,-840255.6736934562,11.259047414153793,3.090357490912048,BRAKE
W6_vector_01,321.17754154447704,4178.928199791883,3,5.806451612903224,-0.7999999999999506,20.0,-817580.7727165405,11.259047414153793,3.106383099696253,BRAKE
W6_vector_01,321.37915444770283,4180.082596253902,3,5.645161290322582,-0.800000000000037,20.0,-794903.767077343,11.259047414153793,3.1219642107220738,BRAKE
W6_vector_01,321.5807673509286,4181.204474505723,3,5.483870967741936,-0.7999999999999983,20.0,-772224.6718807677,11.259047414153793,3.137100783031564,BRAKE
W6_vector_01,321.7823802541544,4182.293834547347,3,5.322580645161292,-0.7999999999999894,20.0,-749543.5022322078,11.259047414153793,3.151792775962862,BRAKE
W6_vector_01,321.98399315738027,4183.350676378772,3,5.161290322580646,-0.7999999999999983,20.0,-726860.273236882,11.259047414153793,3.1660401491501915,BRAKE
W6_vector_01,322.18560606060606,4184.375,3,5.0,-0.7999999999999983,20.0,-704174.9999999984,11.259047414153793,3.179842862523847,BRAKE
W6_vector_01,322.38721896383186,4185.36680541103,3,4.838709677419356,-0.7999999999999894,20.0,-681487.6976267908,11.259047414153793,3.1932008763102138,BRAKE
W6_vector_01,322.5888318670577,4186.326092611863,3,4.67741935483871,-0.7999999999999983,20.0,-658798.3812225154,11.259047414153793,3.20611415103176,BRAKE
W6_vector_01,322.79044477028344,4187.252861602497,3,4.516129032258066,-0.8000000000000458,20.0,-636107.0658924211,11.259047414153793,3.2185826475070214,BRAKE
W6_vector_01,322.9920576735093,4188.147112382934,3,4.35483870967742,-0.7999999999999419,20.0,-613413.7667415879,11.259047414153793,3.230606326850637,BRAKE
W6_vector_01,323.1936705767351,4189.008844953174,3,4.193548387096774,-0.8000000000000547,20.0,-590718.4988755406,11.259047414153793,3.2421851504733086,BRAKE
W6_vector_01,323.3952834799609,4189.838059313215,3,4.03225806451613,-0.7999999999999894,20.0,-568021.2773992069,11.259047414153793,3.2533190800818272,BRAKE
W6_vector_01,323.59689638318673,4190.634755463059,3,3.870967741935484,-0.7999999999999983,20.0,-545322.117418011,11.259047414153793,3.264008077679069,BRAKE
W6_vector_01,323.7985092864125,4191.398933402706,3,3.7096774193548363,-0.800000000000007,20.0,-522621.0340371298,11.259047414153793,3.274252105563981,BRAKE
W6_vector_01,324.0001221896383,4192.130593132154,3,3.5483870967741957,-0.7999999999999718,20.0,-499918.0423617695,11.259047414153793,3.2840511263316,BRAKE
W6_vector_01,324.2017350928641,4192.829734651405,3,3.387096774193548,-0.800000000000007,20.0,-477213.157497235,11.259047414153793,3.293405102873044,BRAKE
W6_vector_01,324.4033479960899,4193.496357960457,3,3.225806451612904,-0.7999999999999894,20.0,-454506.3945486831,11.259047414153793,3.3023139983755097,BRAKE
W6_vector_01,324.60496089931576,4194.130463059313,3,3.06451612903226,-0.7999999999999894,20.0,-431797.7686213901,11.259047414153793,3.3107777763222797,BRAKE
W6_vector_01,324.80657380254155,4194.732049947971,3,2.903225806451612,-0.800000000000007,20.0,-409087.294820587,11.259047414153793,3.318796400492709,BRAKE
W6_vector_01,325.00818670576734,4195.30111862643,3,2.741935483870968,-0.8000000000000458,20.0,-386374.9882515079,11.259047414153793,3.3263698349622444,BRAKE
W6_vector_01,325.2097996089932,4195.837669094693,3,2.580645161290324,-0.799999999999933,20.0,-363660.86401930376,11.259047414153793,3.3334980441024094,BRAKE
W6_vector_01,325.41141251221893,4196.341701352758,3,2.4193548387096797,-0.8000000000000458,20.0,-340944.93722938484,11.259047414153793,3.3401809925808053,BRAKE
W6_vector_01,325.6130254154448,4196.813215400624,3,2.258064516129032,-0.800000000000007,20.0,-318227.22298681096,11.259047414153793,3.346418645361126,BRAKE
W6_vector_01,325.8146383186706,4197.252211238294,3,2.096774193548388,-0.7999999999999894,20.0,-295507.7363968945,11.259047414153793,3.3522109677031353,BRAKE
W6_vector_01,326.01625122189637,4197.658688865765,3,1.9354838709677438,-0.7999999999999894,20.0,-272786.49256486516,11.259047414153793,3.3575579251626837,BRAKE
W6_vector_01,326.2178641251222,4198.032648283039,3,1.774193548387096,-0.800000000000007,20.0,-250063.50659595398,11.259047414153793,3.362459483591705,BRAKE
W6_vector_01,326.419477028348,4198.374089490115,3,1.612903225806452,-0.7999999999999894,20.0,-227338.79359537808,11.259047414153793,3.366915609138209,BRAKE
W6_vector_01,326.6210899315738,4198.683012486993,3,1.4516129032258078,-0.7999999999999894,20.0,-204612.3686683872,11.259047414153793,3.370926268246292,BRAKE
W6_vector_01,326.8227028347996,4198.959417273673,3,1.2903225806451601,-0.800000000000007,20.0,-181884.24692021232,11.259047414153793,3.374491427656131,BRAKE
W6_vector_01,327.0243157380254,4199.203303850156,3,1.129032258064516,-0.7999999999999894,20.0,-159154.44345607515,11.259047414153793,3.3776110544039817,BRAKE
W6_vector_01,327.22592864125124,4199.414672216441,3,0.9677419354838719,-0.8000000000000458,20.0,-136422.9733812306,11.259047414153793,3.3802851158221854,BRAKE
W6_vector_01,327.42754154447704,4199.593522372528,3,0.8064516129032242,-0.7999999999999506,20.0,-113689.85180087209,11.259047414153793,3.38251357953916,BRAKE
W6_vector_01,327.62915444770283,4199.739854318418,3,0.6451612903225801,-0.8000000000000458,20.0,-90955.09382028652,11.259047414153793,3.38429641347941,BRAKE
W6_vector_01,327.8307673509286,4199.85366805411,3,0.48387096774193594,-0.7999999999999894,20.0,-68218.71454466028,11.259047414153793,3.3856335858635176,BRAKE
W6_vector_01,328.0323802541544,4199.934963579604,3,0.3225806451612918,-0.7999999999999894,20.0,-45480.729079251716,11.259047414153793,3.386525065208149,BRAKE
W6_vector_01,328.23399315738027,4199.983740894901,3,0.16129032258064413,-0.800000000000007,20.0,-22741.152529287432,11.259047414153793,3.386970820326051,BRAKE
W6_vector_01,328.43560606060606,4200.0,3,0.0,-0.7999999999999894,20.0,-0.0,11.259047414153793,3.386970820326051,BRAKE
